,year,MSA,value,metric
0,2001,Atlanta,0.0892202938472231,cap_rate
1,2001,Baltimore,0.0878778376075283,cap_rate
2,2001,Boston,0.0726837583868913,cap_rate
3,2001,Chicago,0.0789975430909605,cap_rate
4,2001,Dallas,0.0877025945033109,cap_rate
5,2001,Denver,0.0881791208791209,cap_rate
6,2001,Detroit,0.0864786144797649,cap_rate
7,2001,Houston,0.0832576666174978,cap_rate
8,2001,LosAngeles,0.0759834937239797,cap_rate
9,2001,Miami,0.0810327137451796,cap_rate
10,2001,Minneapolis,0.0838051652877579,cap_rate
11,2001,NewYork,0.0836051015379209,cap_rate
12,2001,Philadelphia,0.0929348301522392,cap_rate
13,2001,Phoenix,0.0857094046679588,cap_rate
14,2001,SanDiego,0.0733086420134295,cap_rate
15,2001,SanFrancisco,0.0674799814858144,cap_rate
16,2001,Seattle,0.0822429615072417,cap_rate
17,2001,StLouis,0.0836095190393882,cap_rate
18,2001,Tampa,0.0873580904345495,cap_rate
19,2001,WashingtonDC,0.0905001854959018,cap_rate
20,2002,Atlanta,0.0859848274053945,cap_rate
21,2002,Baltimore,0.0835296926753935,cap_rate
22,2002,Boston,0.0777577343031456,cap_rate
23,2002,Chicago,0.0809844539633165,cap_rate
24,2002,Dallas,0.0903016251511906,cap_rate
25,2002,Denver,0.0821178036123019,cap_rate
26,2002,Detroit,0.0843024507896317,cap_rate
27,2002,Houston,0.0862372084887434,cap_rate
28,2002,LosAngeles,0.0721680176021527,cap_rate
29,2002,Miami,0.0826487266852686,cap_rate
30,2002,Minneapolis,0.0875195586460746,cap_rate
31,2002,NewYork,0.0761492891602787,cap_rate
32,2002,Philadelphia,0.0981223685952508,cap_rate
33,2002,Phoenix,0.0825324626849459,cap_rate
34,2002,SanDiego,0.0733686801833293,cap_rate
35,2002,SanFrancisco,0.0628914251533188,cap_rate
36,2002,Seattle,0.0784915533767217,cap_rate
37,2002,StLouis,0.0833644158400007,cap_rate
38,2002,Tampa,0.0860132065023068,cap_rate
39,2002,WashingtonDC,0.0849494053678729,cap_rate
40,2003,Atlanta,0.0779371133446603,cap_rate
41,2003,Baltimore,0.0718024963980563,cap_rate
42,2003,Boston,0.0708820420750107,cap_rate
43,2003,Chicago,0.0707487464788152,cap_rate
44,2003,Dallas,0.0798225218306546,cap_rate
45,2003,Denver,0.0749052848443157,cap_rate
46,2003,Detroit,0.0810012355153187,cap_rate
47,2003,Houston,0.0821007462575007,cap_rate
48,2003,LosAngeles,0.0674329316525629,cap_rate
49,2003,Miami,0.0742848023149903,cap_rate
50,2003,Minneapolis,0.0791028074629845,cap_rate
51,2003,NewYork,0.0691456956571013,cap_rate
52,2003,Philadelphia,0.0837893071554905,cap_rate
53,2003,Phoenix,0.0767592498996442,cap_rate
54,2003,SanDiego,0.0663715732409971,cap_rate
55,2003,SanFrancisco,0.0647976309729149,cap_rate
56,2003,Seattle,0.0711455403542774,cap_rate
57,2003,StLouis,0.0817778981758656,cap_rate
58,2003,Tampa,0.0801132638288101,cap_rate
59,2003,WashingtonDC,0.0743449425038708,cap_rate
60,2004,Atlanta,0.0707068275274885,cap_rate
61,2004,Baltimore,0.0671995468075284,cap_rate
62,2004,Boston,0.0691685920056635,cap_rate
63,2004,Chicago,0.0700232980551633,cap_rate
64,2004,Dallas,0.0737230167684931,cap_rate
65,2004,Denver,0.0710163758890374,cap_rate
66,2004,Detroit,0.0769990162115539,cap_rate
67,2004,Houston,0.0772567083535704,cap_rate
68,2004,LosAngeles,0.0622412797454795,cap_rate
69,2004,Miami,0.0632854023913465,cap_rate
70,2004,Minneapolis,0.0769735291692781,cap_rate
71,2004,NewYork,0.0675273650327844,cap_rate
72,2004,Philadelphia,0.0767480652376298,cap_rate
73,2004,Phoenix,0.0687761815483198,cap_rate
74,2004,SanDiego,0.0598478472682301,cap_rate
75,2004,SanFrancisco,0.0610454770522014,cap_rate
76,2004,Seattle,0.0640273349508064,cap_rate
77,2004,StLouis,0.0791610882083108,cap_rate
78,2004,Tampa,0.0719551767050169,cap_rate
79,2004,WashingtonDC,0.0678373899775345,cap_rate
80,2005,Atlanta,0.06643053557135,cap_rate
81,2005,Baltimore,0.0628299123727798,cap_rate
82,2005,Boston,0.0655146109397369,cap_rate
83,2005,Chicago,0.0667107309354767,cap_rate
84,2005,Dallas,0.0687647693686038,cap_rate
85,2005,Denver,0.0596308005794719,cap_rate
86,2005,Detroit,0.0679356687522594,cap_rate
87,2005,Houston,0.0732549969542134,cap_rate
88,2005,LosAngeles,0.05606120940553,cap_rate
89,2005,Miami,0.0626197140898518,cap_rate
90,2005,Minneapolis,0.0668836944327695,cap_rate
91,2005,NewYork,0.0589976254559661,cap_rate
92,2005,Philadelphia,0.0663951093273101,cap_rate
93,2005,Phoenix,0.0617352701217534,cap_rate
94,2005,SanDiego,0.048498030756275,cap_rate
95,2005,SanFrancisco,0.052658092378579,cap_rate
96,2005,Seattle,0.059494224539241,cap_rate
97,2005,StLouis,0.0713289649469034,cap_rate
98,2005,Tampa,0.0666081501328828,cap_rate
99,2005,WashingtonDC,0.0603552499785626,cap_rate
100,2006,Atlanta,0.0642711812222101,cap_rate
101,2006,Baltimore,0.0573637403832596,cap_rate
102,2006,Boston,0.0628129267361331,cap_rate
103,2006,Chicago,0.0631987470505598,cap_rate
104,2006,Dallas,0.0674793530097211,cap_rate
105,2006,Denver,0.057326438016765,cap_rate
106,2006,Detroit,0.0688000412901342,cap_rate
107,2006,Houston,0.0708578593669736,cap_rate
108,2006,LosAngeles,0.0523475696943885,cap_rate
109,2006,Miami,0.0521672992000468,cap_rate
110,2006,Minneapolis,0.0592044826974502,cap_rate
111,2006,NewYork,0.0489547990667785,cap_rate
112,2006,Philadelphia,0.064970892193275,cap_rate
113,2006,Phoenix,0.0556620896181743,cap_rate
114,2006,SanDiego,0.0479949324494176,cap_rate
115,2006,SanFrancisco,0.0490808360615438,cap_rate
116,2006,Seattle,0.0542071910288977,cap_rate
117,2006,StLouis,0.0723970069134616,cap_rate
118,2006,Tampa,0.059145292768606,cap_rate
119,2006,WashingtonDC,0.0567847016821694,cap_rate
120,2007,Atlanta,0.06267703521627,cap_rate
121,2007,Baltimore,0.0590842439912566,cap_rate
122,2007,Boston,0.0597746991222378,cap_rate
123,2007,Chicago,0.0576937851213912,cap_rate
124,2007,Dallas,0.0695837239092791,cap_rate
125,2007,Denver,0.0562768415193337,cap_rate
126,2007,Detroit,0.0702448357107264,cap_rate
127,2007,Houston,0.0691981964608643,cap_rate
128,2007,LosAngeles,0.0523396401221742,cap_rate
129,2007,Miami,0.0603961505186064,cap_rate
130,2007,Minneapolis,0.064144609760155,cap_rate
131,2007,NewYork,0.0467644091777424,cap_rate
132,2007,Philadelphia,0.0602019197474821,cap_rate
133,2007,Phoenix,0.0549366588861883,cap_rate
134,2007,SanDiego,0.0514133712459898,cap_rate
135,2007,SanFrancisco,0.0514578263621032,cap_rate
136,2007,Seattle,0.0545145965241067,cap_rate
137,2007,StLouis,0.0716343080097434,cap_rate
138,2007,Tampa,0.0619443785696541,cap_rate
139,2007,WashingtonDC,0.0582071982710479,cap_rate
140,2008,Atlanta,0.0610247168913282,cap_rate
141,2008,Baltimore,0.0598671445436942,cap_rate
142,2008,Boston,0.0604283181588704,cap_rate
143,2008,Chicago,0.0646380661240857,cap_rate
144,2008,Dallas,0.0711356378059184,cap_rate
145,2008,Denver,0.0640025417467703,cap_rate
146,2008,Detroit,0.0821681435613416,cap_rate
147,2008,Houston,0.0684062353740294,cap_rate
148,2008,LosAngeles,0.0537785983487944,cap_rate
149,2008,Miami,0.0676314102230006,cap_rate
150,2008,Minneapolis,0.0684241803378623,cap_rate
151,2008,NewYork,0.0578504529531971,cap_rate
152,2008,Philadelphia,0.0632430016262811,cap_rate
153,2008,Phoenix,0.058706335755898,cap_rate
154,2008,SanDiego,0.0555673401439503,cap_rate
155,2008,SanFrancisco,0.0514736293912956,cap_rate
156,2008,Seattle,0.0546682398575024,cap_rate
157,2008,StLouis,0.083204122761773,cap_rate
158,2008,Tampa,0.0654160697120989,cap_rate
159,2008,WashingtonDC,0.0554981339841842,cap_rate
160,2009,Atlanta,0.0680118428711959,cap_rate
161,2009,Baltimore,0.0688409814229379,cap_rate
162,2009,Boston,0.0574390327251557,cap_rate
163,2009,Chicago,0.0694081734541975,cap_rate
164,2009,Dallas,0.0749424022515677,cap_rate
165,2009,Denver,0.0699753175880366,cap_rate
166,2009,Detroit,0.0863457881576549,cap_rate
167,2009,Houston,0.0722968887736906,cap_rate
168,2009,LosAngeles,0.0600551172649274,cap_rate
169,2009,Miami,0.0798004956134613,cap_rate
170,2009,Minneapolis,0.0654104619295062,cap_rate
171,2009,NewYork,0.0618141321405973,cap_rate
172,2009,Philadelphia,0.0687378525859505,cap_rate
173,2009,Phoenix,0.0681389090357887,cap_rate
174,2009,SanDiego,0.0614296248706252,cap_rate
175,2009,SanFrancisco,0.0445615835520207,cap_rate
176,2009,Seattle,0.0606869962305702,cap_rate
177,2009,StLouis,0.0807659511478241,cap_rate
178,2009,Tampa,0.0712102636997718,cap_rate
179,2009,WashingtonDC,0.0636101935749448,cap_rate
180,2010,Atlanta,0.0719131746314812,cap_rate
181,2010,Baltimore,0.069991144668615,cap_rate
182,2010,Boston,0.0646559703013385,cap_rate
183,2010,Chicago,0.0647999262206641,cap_rate
184,2010,Dallas,0.0684201433231831,cap_rate
185,2010,Denver,0.067178865048691,cap_rate
186,2010,Detroit,0.0971688114542705,cap_rate
187,2010,Houston,0.0733283447867823,cap_rate
188,2010,LosAngeles,0.0645932647515283,cap_rate
189,2010,Miami,0.0753189886355639,cap_rate
190,2010,Minneapolis,0.0684306363784649,cap_rate
191,2010,NewYork,0.065618282923214,cap_rate
192,2010,Philadelphia,0.0690026537449693,cap_rate
193,2010,Phoenix,0.0666713030617949,cap_rate
194,2010,SanDiego,0.0641962164504983,cap_rate
195,2010,SanFrancisco,0.0556850318135944,cap_rate
196,2010,Seattle,0.062091922967331,cap_rate
197,2010,StLouis,0.071125699072477,cap_rate
198,2010,Tampa,0.0735637605595581,cap_rate
199,2010,WashingtonDC,0.0647604046566323,cap_rate
200,2011,Atlanta,0.0673084711057975,cap_rate
201,2011,Baltimore,0.0622379411010791,cap_rate
202,2011,Boston,0.0584393935017325,cap_rate
203,2011,Chicago,0.0633670830060322,cap_rate
204,2011,Dallas,0.0647301628324006,cap_rate
205,2011,Denver,0.0588175334761537,cap_rate
206,2011,Detroit,0.0884923978008265,cap_rate
207,2011,Houston,0.0610837286269825,cap_rate
208,2011,LosAngeles,0.0585836578138033,cap_rate
209,2011,Miami,0.0703778663811169,cap_rate
210,2011,Minneapolis,0.0657382364054107,cap_rate
211,2011,NewYork,0.0558440253202628,cap_rate
212,2011,Philadelphia,0.0665182716249113,cap_rate
213,2011,Phoenix,0.0610246499718278,cap_rate
214,2011,SanDiego,0.0572674758638876,cap_rate
215,2011,SanFrancisco,0.0560347372870016,cap_rate
216,2011,Seattle,0.0577385849849888,cap_rate
217,2011,StLouis,0.0696658055649684,cap_rate
218,2011,Tampa,0.0706626888476829,cap_rate
219,2011,WashingtonDC,0.0601836054186967,cap_rate
220,2012,Atlanta,0.0645952694684125,cap_rate
221,2012,Baltimore,0.06115536979208,cap_rate
222,2012,Boston,0.0548317278034996,cap_rate
223,2012,Chicago,0.0625200223446312,cap_rate
224,2012,Dallas,0.0637564856960635,cap_rate
225,2012,Denver,0.0596715275691717,cap_rate
226,2012,Detroit,0.0801736584679092,cap_rate
227,2012,Houston,0.064478283892903,cap_rate
228,2012,LosAngeles,0.0557416798215376,cap_rate
229,2012,Miami,0.064625040433864,cap_rate
230,2012,Minneapolis,0.0625270912565277,cap_rate
231,2012,NewYork,0.0535853559202008,cap_rate
232,2012,Philadelphia,0.0631626882000219,cap_rate
233,2012,Phoenix,0.0602881391457021,cap_rate
234,2012,SanDiego,0.054753926703193,cap_rate
235,2012,SanFrancisco,0.0512827893432742,cap_rate
236,2012,Seattle,0.0530731681198932,cap_rate
237,2012,StLouis,0.0688814476684501,cap_rate
238,2012,Tampa,0.0647693513096777,cap_rate
239,2012,WashingtonDC,0.0575827414239711,cap_rate
240,2013,Atlanta,0.0636355538472178,cap_rate
241,2013,Baltimore,0.0604239882176389,cap_rate
242,2013,Boston,0.0528454392592188,cap_rate
243,2013,Chicago,0.0608135111298358,cap_rate
244,2013,Dallas,0.0636744498780576,cap_rate
245,2013,Denver,0.0597043688323248,cap_rate
246,2013,Detroit,0.0755192171496371,cap_rate
247,2013,Houston,0.0687990450727617,cap_rate
248,2013,LosAngeles,0.0536274379816218,cap_rate
249,2013,Miami,0.0549069176073236,cap_rate
250,2013,Minneapolis,0.0623822122780233,cap_rate
251,2013,NewYork,0.0495956149999764,cap_rate
252,2013,Philadelphia,0.0597104139069217,cap_rate
253,2013,Phoenix,0.0588255467629121,cap_rate
254,2013,SanDiego,0.0526374152812712,cap_rate
255,2013,SanFrancisco,0.0463638914241339,cap_rate
256,2013,Seattle,0.0513928942841887,cap_rate
257,2013,StLouis,0.0668339880353235,cap_rate
258,2013,Tampa,0.0662628314954998,cap_rate
259,2013,WashingtonDC,0.0561118942832274,cap_rate
260,2014,Atlanta,0.0644753233814782,cap_rate
261,2014,Baltimore,0.0590923623329526,cap_rate
262,2014,Boston,0.0552381506949213,cap_rate
263,2014,Chicago,0.0609042757906876,cap_rate
264,2014,Dallas,0.0630114691965487,cap_rate
265,2014,Denver,0.0582914901253644,cap_rate
266,2014,Detroit,0.077735141606494,cap_rate
267,2014,Houston,0.0667102204307126,cap_rate
268,2014,LosAngeles,0.0532398764019814,cap_rate
269,2014,Miami,0.0574738573010915,cap_rate
270,2014,Minneapolis,0.0600531040423006,cap_rate
271,2014,NewYork,0.0470131526841224,cap_rate
272,2014,Philadelphia,0.0606467060062574,cap_rate
273,2014,Phoenix,0.0594986503054048,cap_rate
274,2014,SanDiego,0.0551329641123303,cap_rate
275,2014,SanFrancisco,0.0436930300564665,cap_rate
276,2014,Seattle,0.0523522417983725,cap_rate
277,2014,StLouis,0.0675654585387969,cap_rate
278,2014,Tampa,0.0662427723028313,cap_rate
279,2014,WashingtonDC,0.0572040360368102,cap_rate
280,2015,Atlanta,0.0610918089374975,cap_rate
281,2015,Baltimore,0.0571142182420183,cap_rate
282,2015,Boston,0.05116849797869,cap_rate
283,2015,Chicago,0.0584195464011304,cap_rate
284,2015,Dallas,0.0604003298785777,cap_rate
285,2015,Denver,0.0564467120670982,cap_rate
286,2015,Detroit,0.0716772789843194,cap_rate
287,2015,Houston,0.0635104916520025,cap_rate
288,2015,LosAngeles,0.0487889146365534,cap_rate
289,2015,Miami,0.0559047240140344,cap_rate
290,2015,Minneapolis,0.0572588346559758,cap_rate
291,2015,NewYork,0.047509207092945,cap_rate
292,2015,Philadelphia,0.0589242677510003,cap_rate
293,2015,Phoenix,0.0568259172955662,cap_rate
294,2015,SanDiego,0.0495955858164156,cap_rate
295,2015,SanFrancisco,0.041623306537615,cap_rate
296,2015,Seattle,0.05053902891629,cap_rate
297,2015,StLouis,0.067551935109016,cap_rate
298,2015,Tampa,0.062030333690537,cap_rate
299,2015,WashingtonDC,0.054915287902628,cap_rate
300,2016,Atlanta,0.0594965628555384,cap_rate
301,2016,Baltimore,0.058399263194937,cap_rate
302,2016,Boston,0.0493222666525439,cap_rate
303,2016,Chicago,0.0590194356717701,cap_rate
304,2016,Dallas,0.0584613159992788,cap_rate
305,2016,Denver,0.0565903820745419,cap_rate
306,2016,Detroit,0.0705066669225012,cap_rate
307,2016,Houston,0.0626563113528082,cap_rate
308,2016,LosAngeles,0.0464981786414305,cap_rate
309,2016,Miami,0.0540608548196992,cap_rate
310,2016,Minneapolis,0.0558443581423421,cap_rate
311,2016,NewYork,0.0454965219163146,cap_rate
312,2016,Philadelphia,0.0571143452070854,cap_rate
313,2016,Phoenix,0.0566837488544783,cap_rate
314,2016,SanDiego,0.049152918999682,cap_rate
315,2016,SanFrancisco,0.0430288489715163,cap_rate
316,2016,Seattle,0.0507568665489374,cap_rate
317,2016,StLouis,0.0649906132713097,cap_rate
318,2016,Tampa,0.0588546180674258,cap_rate
319,2016,WashingtonDC,0.0538340242462667,cap_rate
320,2017,Atlanta,0.0580798791597245,cap_rate
321,2017,Baltimore,0.0586226702176129,cap_rate
322,2017,Boston,0.0515877694856883,cap_rate
323,2017,Chicago,0.0564531319364644,cap_rate
324,2017,Dallas,0.0574086580627676,cap_rate
325,2017,Denver,0.0548069222725385,cap_rate
326,2017,Detroit,0.0667672408914713,cap_rate
327,2017,Houston,0.0604406003401947,cap_rate
328,2017,LosAngeles,0.0449563694840268,cap_rate
329,2017,Miami,0.0545940274230274,cap_rate
330,2017,Minneapolis,0.0552002323011902,cap_rate
331,2017,NewYork,0.0398427377639993,cap_rate
332,2017,Philadelphia,0.0579437047932276,cap_rate
333,2017,Phoenix,0.0550336397950175,cap_rate
334,2017,SanDiego,0.048673203848176,cap_rate
335,2017,SanFrancisco,0.0439001036309478,cap_rate
336,2017,Seattle,0.049795760662196,cap_rate
337,2017,StLouis,0.0620588730494841,cap_rate
338,2017,Tampa,0.0573103890702866,cap_rate
339,2017,WashingtonDC,0.0538392425616713,cap_rate
340,2018,Atlanta,0.0568668584292372,cap_rate
341,2018,Baltimore,0.0571811846696314,cap_rate
342,2018,Boston,0.0504558796272781,cap_rate
343,2018,Chicago,0.0556093640668644,cap_rate
344,2018,Dallas,0.0551386467481597,cap_rate
345,2018,Denver,0.053311853041312,cap_rate
346,2018,Detroit,0.0646671774572409,cap_rate
347,2018,Houston,0.0560064048816438,cap_rate
348,2018,LosAngeles,0.0451293754333759,cap_rate
349,2018,Miami,0.0535303925096798,cap_rate
350,2018,Minneapolis,0.0541651405361422,cap_rate
351,2018,NewYork,0.0427707713779089,cap_rate
352,2018,Philadelphia,0.0558028329280144,cap_rate
353,2018,Phoenix,0.0529814641533626,cap_rate
354,2018,SanDiego,0.0469168232390191,cap_rate
355,2018,SanFrancisco,0.0419942688395927,cap_rate
356,2018,Seattle,0.0481835842837258,cap_rate
357,2018,StLouis,0.0625058529940917,cap_rate
358,2018,Tampa,0.0557695520667059,cap_rate
359,2018,WashingtonDC,0.0527335019221205,cap_rate
360,2019,Atlanta,0.0547015720919441,cap_rate
361,2019,Baltimore,0.0566921270670265,cap_rate
362,2019,Boston,0.0488192167757375,cap_rate
363,2019,Chicago,0.0548945722453132,cap_rate
364,2019,Dallas,0.0524782730867254,cap_rate
365,2019,Denver,0.0509839987900592,cap_rate
366,2019,Detroit,0.061630997067028,cap_rate
367,2019,Houston,0.0528466455260468,cap_rate
368,2019,LosAngeles,0.0449465136241173,cap_rate
369,2019,Miami,0.0513541891459824,cap_rate
370,2019,Minneapolis,0.0531549264746879,cap_rate
371,2019,NewYork,0.0451431710883508,cap_rate
372,2019,Philadelphia,0.055359607072792,cap_rate
373,2019,Phoenix,0.0508454432289036,cap_rate
374,2019,SanDiego,0.0470954064109187,cap_rate
375,2019,SanFrancisco,0.0393481271855697,cap_rate
376,2019,Seattle,0.0468079351748369,cap_rate
377,2019,StLouis,0.0604785717379579,cap_rate
378,2019,Tampa,0.0536538764362418,cap_rate
379,2019,WashingtonDC,0.0536793828922862,cap_rate
380,2020,Atlanta,0.0517660943006046,cap_rate
381,2020,Baltimore,0.0535181497551044,cap_rate
382,2020,Boston,0.0468996894353914,cap_rate
383,2020,Chicago,0.0523164663731506,cap_rate
384,2020,Dallas,0.0502560171427759,cap_rate
385,2020,Denver,0.0469806306247574,cap_rate
386,2020,Detroit,0.0581126442399334,cap_rate
387,2020,Houston,0.051026723673206,cap_rate
388,2020,LosAngeles,0.0444476639730419,cap_rate
389,2020,Miami,0.0483961738945727,cap_rate
390,2020,Minneapolis,0.049125380153463,cap_rate
391,2020,NewYork,0.0454328026123294,cap_rate
392,2020,Philadelphia,0.0527642154712272,cap_rate
393,2020,Phoenix,0.0487009196277454,cap_rate
394,2020,SanDiego,0.0452788880231525,cap_rate
395,2020,SanFrancisco,0.0379547562256269,cap_rate
396,2020,Seattle,0.0452163546151822,cap_rate
397,2020,StLouis,0.0582308609808368,cap_rate
398,2020,Tampa,0.0506040283609354,cap_rate
399,2020,WashingtonDC,0.0502558732221765,cap_rate
400,2021,Atlanta,0.0490032089552857,cap_rate
401,2021,Baltimore,0.0518734558313176,cap_rate
402,2021,Boston,0.0443393506919641,cap_rate
403,2021,Chicago,0.0498939749284622,cap_rate
404,2021,Dallas,0.04698923452001,cap_rate
405,2021,Denver,0.0444028308832355,cap_rate
406,2021,Detroit,0.054530669066983,cap_rate
407,2021,Houston,0.0493594031561312,cap_rate
408,2021,LosAngeles,0.0434454522264975,cap_rate
409,2021,Miami,0.046949947100472,cap_rate
410,2021,Minneapolis,0.0474990030137156,cap_rate
411,2021,NewYork,0.0458814813144291,cap_rate
412,2021,Philadelphia,0.0500226152062497,cap_rate
413,2021,Phoenix,0.0450158200694463,cap_rate
414,2021,SanDiego,0.0432278389455019,cap_rate
415,2021,SanFrancisco,0.039379704898679,cap_rate
416,2021,Seattle,0.0430930482305926,cap_rate
417,2021,StLouis,0.0542238427199542,cap_rate
418,2021,Tampa,0.0483360306355518,cap_rate
419,2021,WashingtonDC,0.0477408663762608,cap_rate
420,1917,Atlanta,15.2,cpi
421,1918,Atlanta,18.2,cpi
422,1919,Atlanta,19.85,cpi
423,1920,Atlanta,21.9,cpi
424,1921,Atlanta,18.5,cpi
425,1922,Atlanta,17.4,cpi
426,1923,Atlanta,17.575,cpi
427,1924,Atlanta,17.3,cpi
428,1925,Atlanta,18.1,cpi
429,1926,Atlanta,17.9,cpi
430,1927,Atlanta,17.65,cpi
431,1928,Atlanta,17.35,cpi
432,1929,Atlanta,17.1,cpi
433,1930,Atlanta,16.15,cpi
434,1931,Atlanta,14.4,cpi
435,1932,Atlanta,13.0,cpi
436,1933,Atlanta,12.7,cpi
437,1934,Atlanta,13.25,cpi
438,1935,Atlanta,13.5,cpi
439,1936,Atlanta,13.76,cpi
440,1937,Atlanta,14.125,cpi
441,1938,Atlanta,13.75,cpi
442,1939,Atlanta,13.625,cpi
443,1940,Atlanta,13.65,cpi
444,1941,Atlanta,14.5,cpi
445,1942,Atlanta,16.025,cpi
446,1943,Atlanta,17.075000000000003,cpi
447,1944,Atlanta,17.375,cpi
448,1945,Atlanta,17.95,cpi
449,1946,Atlanta,19.525,cpi
450,1947,Atlanta,22.375000000000004,cpi
451,1948,Atlanta,23.825,cpi
452,1949,Atlanta,23.775,cpi
453,1950,Atlanta,24.050000000000004,cpi
454,1951,Atlanta,26.425,cpi
455,1952,Atlanta,27.06,cpi
456,1953,Atlanta,27.3,cpi
457,1954,Atlanta,27.2,cpi
458,1955,Atlanta,27.125,cpi
459,1956,Atlanta,27.55,cpi
460,1957,Atlanta,28.325000000000003,cpi
461,1958,Atlanta,29.05,cpi
462,1959,Atlanta,29.200000000000003,cpi
463,1960,Atlanta,29.65,cpi
464,1961,Atlanta,29.775,cpi
465,1962,Atlanta,30.05,cpi
466,1963,Atlanta,30.3,cpi
467,1964,Atlanta,30.8,cpi
468,1965,Atlanta,31.200000000000003,cpi
469,1966,Atlanta,32.25,cpi
470,1967,Atlanta,33.25,cpi
471,1968,Atlanta,34.625,cpi
472,1969,Atlanta,36.75,cpi
473,1970,Atlanta,38.8,cpi
474,1971,Atlanta,40.5,cpi
475,1972,Atlanta,41.725,cpi
476,1973,Atlanta,44.65,cpi
477,1974,Atlanta,49.72500000000001,cpi
478,1975,Atlanta,53.925,cpi
479,1976,Atlanta,56.25,cpi
480,1977,Atlanta,59.925,cpi
481,1978,Atlanta,64.05,cpi
482,1979,Atlanta,70.83333333333333,cpi
483,1980,Atlanta,80.85000000000001,cpi
484,1981,Atlanta,90.53333333333336,cpi
485,1982,Atlanta,96.2,cpi
486,1983,Atlanta,100.06666666666666,cpi
487,1984,Atlanta,104.26666666666668,cpi
488,1985,Atlanta,109.15,cpi
489,1986,Atlanta,112.26666666666668,cpi
490,1997,Atlanta,159.4,cpi
491,1998,Atlanta,161.29999999999998,cpi
492,1999,Atlanta,165.01666666666668,cpi
493,2000,Atlanta,170.78333333333333,cpi
494,2001,Atlanta,176.35000000000002,cpi
495,2002,Atlanta,178.36666666666667,cpi
496,2003,Atlanta,180.85,cpi
497,2004,Atlanta,183.33333333333331,cpi
498,2005,Atlanta,189.16666666666663,cpi
499,2006,Atlanta,194.08333333333331,cpi
500,2007,Atlanta,200.3453333333333,cpi
501,2008,Atlanta,206.22033333333331,cpi
502,2009,Atlanta,201.14333333333332,cpi
503,2010,Atlanta,203.55466666666663,cpi
504,2011,Atlanta,209.35666666666663,cpi
505,2012,Atlanta,212.8853333333333,cpi
506,2013,Atlanta,216.47566666666668,cpi
507,2014,Atlanta,221.05566666666664,cpi
508,2015,Atlanta,221.861,cpi
509,2016,Atlanta,225.7388333333333,cpi
510,2017,Atlanta,233.2173333333333,cpi
511,2018,Atlanta,238.628,cpi
512,2019,Atlanta,243.96483333333336,cpi
513,2020,Atlanta,246.793,cpi
514,2021,Atlanta,260.9144,cpi
515,2000,Baltimore,165.88333333333333,cpi
516,2001,Baltimore,169.6,cpi
517,2002,Baltimore,171.13333333333333,cpi
518,2003,Baltimore,175.4666666666667,cpi
519,2004,Baltimore,180.3166666666667,cpi
520,2005,Baltimore,187.63333333333333,cpi
521,2006,Baltimore,196.08333333333331,cpi
522,2007,Baltimore,203.81866666666664,cpi
523,2008,Baltimore,216.43366666666665,cpi
524,2009,Baltimore,218.12983333333327,cpi
525,2010,Baltimore,220.6733333333333,cpi
526,2011,Baltimore,227.799,cpi
527,2012,Baltimore,232.4153333333333,cpi
528,2013,Baltimore,235.79550000000003,cpi
529,2014,Baltimore,240.16333333333333,cpi
530,2015,Baltimore,240.5903333333333,cpi
531,2016,Baltimore,243.83533333333332,cpi
532,2017,Baltimore,248.7232857142857,cpi
533,2018,Baltimore,253.64916666666667,cpi
534,2019,Baltimore,257.1595,cpi
535,2020,Baltimore,259.634,cpi
536,2021,Baltimore,267.279,cpi
537,1915,Boston,10.7,cpi
538,1916,Boston,12.1,cpi
539,1917,Boston,14.2,cpi
540,1918,Boston,17.3,cpi
541,1919,Boston,18.45,cpi
542,1920,Boston,20.85,cpi
543,1921,Boston,17.933333333333334,cpi
544,1922,Boston,16.975,cpi
545,1923,Boston,17.400000000000002,cpi
546,1924,Boston,17.4,cpi
547,1925,Boston,18.0,cpi
548,1926,Boston,18.15,cpi
549,1927,Boston,18.0,cpi
550,1928,Boston,17.65,cpi
551,1929,Boston,17.65,cpi
552,1930,Boston,17.15,cpi
553,1931,Boston,15.5,cpi
554,1932,Boston,13.95,cpi
555,1933,Boston,13.65,cpi
556,1934,Boston,14.15,cpi
557,1935,Boston,14.333333333333334,cpi
558,1936,Boston,14.4,cpi
559,1937,Boston,14.8,cpi
560,1938,Boston,14.275,cpi
561,1939,Boston,14.125,cpi
562,1940,Boston,14.283333333333331,cpi
563,1941,Boston,14.908333333333337,cpi
564,1942,Boston,16.5,cpi
565,1943,Boston,17.366666666666664,cpi
566,1944,Boston,17.558333333333337,cpi
567,1945,Boston,17.916666666666668,cpi
568,1946,Boston,19.38333333333333,cpi
569,1947,Boston,22.066666666666663,cpi
570,1948,Boston,23.88333333333333,cpi
571,1949,Boston,23.591666666666665,cpi
572,1950,Boston,23.9,cpi
573,1951,Boston,25.500000000000004,cpi
574,1952,Boston,26.058333333333334,cpi
575,1953,Boston,26.125,cpi
576,1954,Boston,26.225,cpi
577,1955,Boston,26.35,cpi
578,1956,Boston,27.075000000000003,cpi
579,1957,Boston,28.025,cpi
580,1958,Boston,28.925,cpi
581,1959,Boston,29.15,cpi
582,1960,Boston,29.7,cpi
583,1961,Boston,30.15,cpi
584,1962,Boston,30.8,cpi
585,1963,Boston,31.425,cpi
586,1964,Boston,31.85,cpi
587,1965,Boston,32.45,cpi
588,1966,Boston,33.45,cpi
589,1967,Boston,34.325,cpi
590,1968,Boston,35.675,cpi
591,1969,Boston,37.65,cpi
592,1970,Boston,39.95,cpi
593,1971,Boston,42.075,cpi
594,1972,Boston,43.575,cpi
595,1973,Boston,46.0,cpi
596,1974,Boston,50.75,cpi
597,1975,Boston,55.325,cpi
598,1976,Boston,59.825,cpi
599,1977,Boston,62.875,cpi
600,1978,Boston,66.23333333333333,cpi
601,1979,Boston,72.89999999999999,cpi
602,1980,Boston,82.15,cpi
603,1981,Boston,91.48333333333332,cpi
604,1982,Boston,95.4,cpi
605,1983,Boston,99.61666666666667,cpi
606,1984,Boston,104.51666666666668,cpi
607,1985,Boston,109.15000000000002,cpi
608,1986,Boston,112.13333333333333,cpi
609,1987,Boston,116.91666666666669,cpi
610,1988,Boston,123.78333333333336,cpi
611,1989,Boston,131.0,cpi
612,1990,Boston,138.58333333333334,cpi
613,1991,Boston,144.86666666666667,cpi
614,1992,Boston,148.4,cpi
615,1993,Boston,152.81666666666666,cpi
616,1994,Boston,154.75,cpi
617,1995,Boston,158.46666666666667,cpi
618,1996,Boston,163.10000000000002,cpi
619,1997,Boston,167.79999999999998,cpi
620,1998,Boston,171.58333333333334,cpi
621,1999,Boston,175.73333333333332,cpi
622,2000,Boston,183.26666666666668,cpi
623,2001,Boston,191.38333333333333,cpi
624,2002,Boston,196.26666666666668,cpi
625,2003,Boston,203.5333333333333,cpi
626,2004,Boston,209.36666666666667,cpi
627,2005,Boston,216.0,cpi
628,2006,Boston,222.9,cpi
629,2007,Boston,227.09566666666663,cpi
630,2008,Boston,235.4231666666667,cpi
631,2009,Boston,233.5091666666667,cpi
632,2010,Boston,237.3406666666667,cpi
633,2011,Boston,243.62850000000003,cpi
634,2012,Boston,247.56366666666668,cpi
635,2013,Boston,251.00716666666668,cpi
636,2014,Boston,255.125,cpi
637,2015,Boston,256.7428333333333,cpi
638,2016,Boston,260.282,cpi
639,2017,Boston,266.921,cpi
640,2018,Boston,275.53083333333336,cpi
641,2019,Boston,281.06300000000005,cpi
642,2020,Boston,284.0888333333333,cpi
643,2021,Boston,291.5034,cpi
644,1915,Chicago,10.2,cpi
645,1916,Chicago,11.6,cpi
646,1917,Chicago,13.5,cpi
647,1918,Chicago,16.3,cpi
648,1919,Chicago,17.75,cpi
649,1920,Chicago,19.85,cpi
650,1921,Chicago,17.73333333333333,cpi
651,1922,Chicago,17.0,cpi
652,1923,Chicago,17.475,cpi
653,1924,Chicago,17.75,cpi
654,1925,Chicago,18.4,cpi
655,1926,Chicago,18.3,cpi
656,1927,Chicago,18.05,cpi
657,1928,Chicago,17.65,cpi
658,1929,Chicago,17.65,cpi
659,1930,Chicago,17.0,cpi
660,1931,Chicago,15.25,cpi
661,1932,Chicago,13.25,cpi
662,1933,Chicago,12.55,cpi
663,1934,Chicago,12.75,cpi
664,1935,Chicago,13.366666666666667,cpi
665,1936,Chicago,13.560000000000002,cpi
666,1937,Chicago,14.175,cpi
667,1938,Chicago,13.925,cpi
668,1939,Chicago,13.7,cpi
669,1940,Chicago,13.816666666666668,cpi
670,1941,Chicago,14.516666666666667,cpi
671,1942,Chicago,15.958333333333334,cpi
672,1943,Chicago,16.85,cpi
673,1944,Chicago,17.108333333333338,cpi
674,1945,Chicago,17.475,cpi
675,1946,Chicago,19.03333333333333,cpi
676,1947,Chicago,22.10833333333333,cpi
677,1948,Chicago,24.03333333333333,cpi
678,1949,Chicago,24.00833333333333,cpi
679,1950,Chicago,24.25,cpi
680,1951,Chicago,26.158333333333328,cpi
681,1952,Chicago,26.725000000000005,cpi
682,1953,Chicago,26.95833333333333,cpi
683,1954,Chicago,27.35833333333333,cpi
684,1955,Chicago,27.541666666666668,cpi
685,1956,Chicago,27.925,cpi
686,1957,Chicago,28.83333333333333,cpi
687,1958,Chicago,29.70833333333333,cpi
688,1959,Chicago,29.95,cpi
689,1960,Chicago,30.36666666666667,cpi
690,1961,Chicago,30.516666666666666,cpi
691,1962,Chicago,30.83333333333334,cpi
692,1963,Chicago,31.14166666666667,cpi
693,1964,Chicago,31.26666666666667,cpi
694,1965,Chicago,31.683333333333326,cpi
695,1966,Chicago,32.633333333333326,cpi
696,1967,Chicago,33.48333333333334,cpi
697,1968,Chicago,34.9,cpi
698,1969,Chicago,36.80833333333333,cpi
699,1970,Chicago,38.91666666666667,cpi
700,1971,Chicago,40.45,cpi
701,1972,Chicago,41.6,cpi
702,1973,Chicago,44.208333333333336,cpi
703,1974,Chicago,48.88333333333333,cpi
704,1975,Chicago,52.74166666666667,cpi
705,1976,Chicago,55.26666666666667,cpi
706,1977,Chicago,58.741666666666674,cpi
707,1978,Chicago,63.850000000000016,cpi
708,1979,Chicago,71.81666666666665,cpi
709,1980,Chicago,82.175,cpi
710,1981,Chicago,90.04166666666667,cpi
711,1982,Chicago,96.18333333333334,cpi
712,1983,Chicago,100.01666666666668,cpi
713,1984,Chicago,103.79166666666669,cpi
714,1985,Chicago,107.70833333333331,cpi
715,1986,Chicago,109.95833333333331,cpi
716,1987,Chicago,114.49166666666667,cpi
717,1988,Chicago,118.96666666666664,cpi
718,1989,Chicago,124.98333333333332,cpi
719,1990,Chicago,131.70000000000002,cpi
720,1991,Chicago,137.04166666666666,cpi
721,1992,Chicago,141.05833333333334,cpi
722,1993,Chicago,145.40833333333333,cpi
723,1994,Chicago,148.59166666666664,cpi
724,1995,Chicago,153.31666666666663,cpi
725,1996,Chicago,157.41666666666666,cpi
726,1997,Chicago,161.725,cpi
727,1998,Chicago,164.98333333333332,cpi
728,1999,Chicago,168.4,cpi
729,2000,Chicago,173.80833333333337,cpi
730,2001,Chicago,178.33333333333334,cpi
731,2002,Chicago,181.17500000000004,cpi
732,2003,Chicago,184.50833333333333,cpi
733,2004,Chicago,188.63333333333333,cpi
734,2005,Chicago,194.34166666666667,cpi
735,2006,Chicago,198.325,cpi
736,2007,Chicago,204.8175833333333,cpi
737,2008,Chicago,212.5355833333333,cpi
738,2009,Chicago,209.99508333333333,cpi
739,2010,Chicago,212.87041666666667,cpi
740,2011,Chicago,218.6841666666667,cpi
741,2012,Chicago,222.00475000000003,cpi
742,2013,Chicago,224.5451666666667,cpi
743,2014,Chicago,228.46775,cpi
744,2015,Chicago,227.7923333333333,cpi
745,2016,Chicago,229.30175,cpi
746,2017,Chicago,233.6113333333333,cpi
747,2018,Chicago,237.70625,cpi
748,2019,Chicago,241.18066666666664,cpi
749,2020,Chicago,243.87275,cpi
750,2021,Chicago,253.0287,cpi
751,1963,Dallas,29.5,cpi
752,1964,Dallas,29.550000000000004,cpi
753,1965,Dallas,29.9,cpi
754,1966,Dallas,30.975,cpi
755,1967,Dallas,31.90000000000001,cpi
756,1968,Dallas,33.3,cpi
757,1969,Dallas,35.45,cpi
758,1970,Dallas,37.55,cpi
759,1971,Dallas,38.675,cpi
760,1972,Dallas,39.8,cpi
761,1973,Dallas,42.025000000000006,cpi
762,1974,Dallas,46.325,cpi
763,1975,Dallas,50.45,cpi
764,1976,Dallas,53.45,cpi
765,1977,Dallas,57.45,cpi
766,1978,Dallas,62.06666666666667,cpi
767,1979,Dallas,70.10000000000001,cpi
768,1980,Dallas,81.91666666666667,cpi
769,1981,Dallas,91.16666666666669,cpi
770,1982,Dallas,96.16666666666669,cpi
771,1983,Dallas,99.83333333333331,cpi
772,1984,Dallas,104.48333333333332,cpi
773,1985,Dallas,108.40000000000002,cpi
774,1986,Dallas,109.88333333333333,cpi
775,1987,Dallas,113.05,cpi
776,1988,Dallas,116.21666666666664,cpi
777,1989,Dallas,119.68333333333334,cpi
778,1990,Dallas,125.46666666666668,cpi
779,1991,Dallas,130.95000000000002,cpi
780,1992,Dallas,134.03333333333333,cpi
781,1993,Dallas,137.51666666666668,cpi
782,1994,Dallas,141.30000000000004,cpi
783,1995,Dallas,145.01666666666665,cpi
784,1996,Dallas,149.04999999999998,cpi
785,1997,Dallas,151.53333333333333,cpi
786,1998,Dallas,153.46666666666667,cpi
787,1999,Dallas,157.79999999999998,cpi
788,2000,Dallas,164.43333333333334,cpi
789,2001,Dallas,170.23333333333332,cpi
790,2002,Dallas,172.54999999999998,cpi
791,2003,Dallas,176.1833333333333,cpi
792,2004,Dallas,178.53333333333333,cpi
793,2005,Dallas,184.3,cpi
794,2006,Dallas,190.05,cpi
795,2007,Dallas,192.9038333333333,cpi
796,2008,Dallas,201.7298333333333,cpi
797,2009,Dallas,200.3993333333333,cpi
798,2010,Dallas,201.5788333333333,cpi
799,2011,Dallas,207.68333333333337,cpi
800,2012,Dallas,212.0413333333333,cpi
801,2013,Dallas,215.888,cpi
802,2014,Dallas,218.45116666666664,cpi
803,2015,Dallas,217.35950000000005,cpi
804,2016,Dallas,220.40783333333331,cpi
805,2017,Dallas,226.0248333333333,cpi
806,2018,Dallas,232.67633333333333,cpi
807,2019,Dallas,237.5615,cpi
808,2020,Dallas,239.0345,cpi
809,2021,Dallas,249.801,cpi
810,1984,Denver,104.3,cpi
811,1985,Denver,107.1,cpi
812,1986,Denver,107.9,cpi
813,1987,Denver,110.8,cpi
814,1988,Denver,113.7,cpi
815,1989,Denver,115.8,cpi
816,1990,Denver,120.9,cpi
817,1991,Denver,125.6,cpi
818,1992,Denver,130.3,cpi
819,1993,Denver,135.8,cpi
820,1994,Denver,141.8,cpi
821,1995,Denver,147.9,cpi
822,1996,Denver,153.1,cpi
823,1997,Denver,158.1,cpi
824,1998,Denver,161.9,cpi
825,1999,Denver,166.6,cpi
826,2000,Denver,173.2,cpi
827,2001,Denver,181.3,cpi
828,2002,Denver,184.8,cpi
829,2003,Denver,186.8,cpi
830,2004,Denver,187.0,cpi
831,2005,Denver,190.9,cpi
832,2006,Denver,197.7,cpi
833,2007,Denver,202.029,cpi
834,2008,Denver,209.903,cpi
835,2009,Denver,208.548,cpi
836,2010,Denver,212.447,cpi
837,2011,Denver,220.288,cpi
838,2012,Denver,224.568,cpi
839,2013,Denver,230.791,cpi
840,2014,Denver,237.2,cpi
841,2015,Denver,239.99,cpi
842,2016,Denver,246.643,cpi
843,2017,Denver,254.995,cpi
844,2018,Denver,261.958,cpi
845,2019,Denver,266.999,cpi
846,2020,Denver,272.207,cpi
847,2021,Denver,281.845,cpi
848,1915,Detroit,10.1,cpi
849,1916,Detroit,11.7,cpi
850,1917,Detroit,14.3,cpi
851,1918,Detroit,17.0,cpi
852,1919,Detroit,18.85,cpi
853,1920,Detroit,22.05,cpi
854,1921,Detroit,18.466666666666665,cpi
855,1922,Detroit,17.375,cpi
856,1923,Detroit,18.075,cpi
857,1924,Detroit,18.0,cpi
858,1925,Detroit,18.450000000000003,cpi
859,1926,Detroit,18.3,cpi
860,1927,Detroit,17.95,cpi
861,1928,Detroit,17.4,cpi
862,1929,Detroit,17.55,cpi
863,1930,Detroit,16.55,cpi
864,1931,Detroit,14.35,cpi
865,1932,Detroit,12.5,cpi
866,1933,Detroit,12.0,cpi
867,1934,Detroit,12.8,cpi
868,1935,Detroit,13.366666666666667,cpi
869,1936,Detroit,13.86,cpi
870,1937,Detroit,14.775,cpi
871,1938,Detroit,14.4,cpi
872,1939,Detroit,14.0,cpi
873,1940,Detroit,14.133333333333333,cpi
874,1941,Detroit,15.0,cpi
875,1942,Detroit,16.65833333333333,cpi
876,1943,Detroit,17.566666666666666,cpi
877,1944,Detroit,17.799999999999997,cpi
878,1945,Detroit,18.275,cpi
879,1946,Detroit,19.866666666666664,cpi
880,1947,Detroit,22.641666666666666,cpi
881,1948,Detroit,24.46666666666667,cpi
882,1949,Detroit,24.15,cpi
883,1950,Detroit,24.55,cpi
884,1951,Detroit,26.475,cpi
885,1952,Detroit,27.141666666666666,cpi
886,1953,Detroit,27.625,cpi
887,1954,Detroit,27.725,cpi
888,1955,Detroit,27.675,cpi
889,1956,Detroit,28.191666666666663,cpi
890,1957,Detroit,29.016666666666666,cpi
891,1958,Detroit,29.416666666666668,cpi
892,1959,Detroit,29.40833333333333,cpi
893,1960,Detroit,29.649999999999995,cpi
894,1961,Detroit,29.816666666666663,cpi
895,1962,Detroit,29.90833333333333,cpi
896,1963,Detroit,30.200000000000003,cpi
897,1964,Detroit,30.45,cpi
898,1965,Detroit,31.15,cpi
899,1966,Detroit,32.53333333333333,cpi
900,1967,Detroit,33.625,cpi
901,1968,Detroit,35.075,cpi
902,1969,Detroit,37.208333333333336,cpi
903,1970,Detroit,39.50833333333333,cpi
904,1971,Detroit,40.95,cpi
905,1972,Detroit,42.46666666666667,cpi
906,1973,Detroit,45.23333333333334,cpi
907,1974,Detroit,50.13333333333333,cpi
908,1975,Detroit,53.86666666666667,cpi
909,1976,Detroit,56.79166666666666,cpi
910,1977,Detroit,60.69166666666666,cpi
911,1978,Detroit,65.3,cpi
912,1979,Detroit,73.60000000000001,cpi
913,1980,Detroit,85.3,cpi
914,1981,Detroit,93.21666666666668,cpi
915,1982,Detroit,96.99166666666667,cpi
916,1983,Detroit,99.75833333333334,cpi
917,1984,Detroit,103.25,cpi
918,1985,Detroit,106.84166666666664,cpi
919,1986,Detroit,108.33333333333331,cpi
920,1987,Detroit,111.90000000000002,cpi
921,1988,Detroit,116.33333333333331,cpi
922,1989,Detroit,122.51666666666668,cpi
923,1990,Detroit,128.85,cpi
924,1991,Detroit,133.20000000000002,cpi
925,1992,Detroit,136.01666666666668,cpi
926,1993,Detroit,139.6833333333333,cpi
927,1994,Detroit,144.26666666666665,cpi
928,1995,Detroit,148.76666666666668,cpi
929,1996,Detroit,152.71666666666667,cpi
930,1997,Detroit,156.38333333333333,cpi
931,1998,Detroit,159.95000000000002,cpi
932,1999,Detroit,164.13333333333333,cpi
933,2000,Detroit,170.03333333333333,cpi
934,2001,Detroit,174.48333333333335,cpi
935,2002,Detroit,179.20000000000002,cpi
936,2003,Detroit,182.6,cpi
937,2004,Detroit,185.6,cpi
938,2005,Detroit,191.15,cpi
939,2006,Detroit,196.73333333333332,cpi
940,2007,Detroit,200.2888333333333,cpi
941,2008,Detroit,204.66083333333333,cpi
942,2009,Detroit,203.74250000000004,cpi
943,2010,Detroit,205.18983333333333,cpi
944,2011,Detroit,212.0585,cpi
945,2012,Detroit,216.2108333333333,cpi
946,2013,Detroit,219.551,cpi
947,2014,Detroit,221.77983333333336,cpi
948,2015,Detroit,218.841,cpi
949,2016,Detroit,222.49833333333336,cpi
950,2017,Detroit,227.0758333333333,cpi
951,2018,Detroit,232.3741666666666,cpi
952,2019,Detroit,235.703,cpi
953,2020,Detroit,237.74466666666663,cpi
954,2021,Detroit,247.4416,cpi
955,1915,Houston,9.5,cpi
956,1916,Houston,10.9,cpi
957,1917,Houston,13.2,cpi
958,1918,Houston,15.9,cpi
959,1919,Houston,17.45,cpi
960,1920,Houston,19.3,cpi
961,1921,Houston,16.633333333333333,cpi
962,1922,Houston,15.825,cpi
963,1923,Houston,15.925,cpi
964,1924,Houston,15.825,cpi
965,1925,Houston,16.25,cpi
966,1926,Houston,16.0,cpi
967,1927,Houston,15.75,cpi
968,1928,Houston,15.55,cpi
969,1929,Houston,15.7,cpi
970,1930,Houston,15.05,cpi
971,1931,Houston,13.6,cpi
972,1932,Houston,12.0,cpi
973,1933,Houston,11.85,cpi
974,1934,Houston,12.4,cpi
975,1935,Houston,12.699999999999998,cpi
976,1936,Houston,12.86,cpi
977,1937,Houston,13.4,cpi
978,1938,Houston,13.275,cpi
979,1939,Houston,13.175,cpi
980,1940,Houston,13.250000000000002,cpi
981,1941,Houston,13.800000000000002,cpi
982,1942,Houston,15.241666666666664,cpi
983,1943,Houston,16.05,cpi
984,1944,Houston,16.2,cpi
985,1945,Houston,16.541666666666668,cpi
986,1946,Houston,17.849999999999998,cpi
987,1947,Houston,20.98333333333333,cpi
988,1948,Houston,22.73333333333333,cpi
989,1949,Houston,22.666666666666668,cpi
990,1950,Houston,23.35,cpi
991,1951,Houston,25.216666666666665,cpi
992,1952,Houston,25.525,cpi
993,1953,Houston,25.8,cpi
994,1954,Houston,25.825000000000003,cpi
995,1955,Houston,25.6,cpi
996,1956,Houston,26.05,cpi
997,1957,Houston,26.9,cpi
998,1958,Houston,27.35,cpi
999,1959,Houston,27.525,cpi
1000,1960,Houston,27.85,cpi
1001,1961,Houston,27.95,cpi
1002,1962,Houston,28.5,cpi
1003,1963,Houston,28.775,cpi
1004,1964,Houston,29.175,cpi
1005,1965,Houston,29.525,cpi
1006,1966,Houston,30.3,cpi
1007,1967,Houston,31.1,cpi
1008,1968,Houston,32.35,cpi
1009,1969,Houston,34.45,cpi
1010,1970,Houston,36.275,cpi
1011,1971,Houston,37.625,cpi
1012,1972,Houston,38.925,cpi
1013,1973,Houston,40.975,cpi
1014,1974,Houston,45.55,cpi
1015,1975,Houston,51.1,cpi
1016,1976,Houston,54.975,cpi
1017,1977,Houston,58.95,cpi
1018,1978,Houston,65.11666666666667,cpi
1019,1979,Houston,73.83333333333333,cpi
1020,1980,Houston,83.08333333333333,cpi
1021,1981,Houston,91.36666666666667,cpi
1022,1982,Houston,97.55,cpi
1023,1983,Houston,99.98333333333332,cpi
1024,1984,Houston,102.85,cpi
1025,1985,Houston,104.91666666666669,cpi
1026,1986,Houston,103.83333333333331,cpi
1027,1987,Houston,106.65,cpi
1028,1988,Houston,109.71666666666668,cpi
1029,1989,Houston,114.2666666666667,cpi
1030,1990,Houston,120.86666666666667,cpi
1031,1991,Houston,125.3,cpi
1032,1992,Houston,129.1833333333333,cpi
1033,1993,Houston,133.75,cpi
1034,1994,Houston,137.91666666666666,cpi
1035,1995,Houston,139.96666666666667,cpi
1036,1996,Houston,142.83333333333334,cpi
1037,1997,Houston,145.46666666666667,cpi
1038,1998,Houston,146.8,cpi
1039,1999,Houston,148.93333333333334,cpi
1040,2000,Houston,154.45,cpi
1041,2001,Houston,158.8,cpi
1042,2002,Houston,159.36666666666665,cpi
1043,2003,Houston,163.88333333333333,cpi
1044,2004,Houston,169.73333333333335,cpi
1045,2005,Houston,175.94999999999996,cpi
1046,2006,Houston,180.71666666666667,cpi
1047,2007,Houston,184.13233333333332,cpi
1048,2008,Houston,189.95666666666668,cpi
1049,2009,Houston,190.70416666666665,cpi
1050,2010,Houston,194.3201666666667,cpi
1051,2011,Houston,200.74616666666665,cpi
1052,2012,Houston,204.29716666666664,cpi
1053,2013,Houston,207.88016666666667,cpi
1054,2014,Houston,213.46400000000003,cpi
1055,2015,Houston,213.12916666666663,cpi
1056,2016,Houston,216.6438333333333,cpi
1057,2017,Houston,220.95900000000003,cpi
1058,2018,Houston,226.359,cpi
1059,2019,Houston,228.93500000000003,cpi
1060,2020,Houston,229.11383333333333,cpi
1061,2021,Houston,238.6642,cpi
1062,2000,LosAngeles,171.54999999999998,cpi
1063,2001,LosAngeles,177.3166666666667,cpi
1064,2002,LosAngeles,182.2333333333333,cpi
1065,2003,LosAngeles,186.95833333333331,cpi
1066,2004,LosAngeles,193.2,cpi
1067,2005,LosAngeles,201.83333333333331,cpi
1068,2006,LosAngeles,210.4416666666667,cpi
1069,2007,LosAngeles,217.3375833333333,cpi
1070,2008,LosAngeles,225.00758333333337,cpi
1071,2009,LosAngeles,223.2185,cpi
1072,2010,LosAngeles,225.89416666666668,cpi
1073,2011,LosAngeles,231.92841666666664,cpi
1074,2012,LosAngeles,236.64766666666665,cpi
1075,2013,LosAngeles,239.207,cpi
1076,2014,LosAngeles,242.43408333333332,cpi
1077,2015,LosAngeles,244.63208333333336,cpi
1078,2016,LosAngeles,249.24608333333336,cpi
1079,2017,LosAngeles,256.21025000000003,cpi
1080,2018,LosAngeles,265.96225,cpi
1081,2019,LosAngeles,274.11441666666667,cpi
1082,2020,LosAngeles,278.56725,cpi
1083,2021,LosAngeles,286.8056666666667,cpi
1084,1977,Miami,62.0,cpi
1085,1978,Miami,64.58333333333333,cpi
1086,1979,Miami,70.85000000000001,cpi
1087,1980,Miami,80.8,cpi
1088,1981,Miami,90.00000000000001,cpi
1089,1982,Miami,96.56666666666666,cpi
1090,1983,Miami,99.68333333333334,cpi
1091,1984,Miami,103.41666666666669,cpi
1092,1985,Miami,106.33333333333331,cpi
1093,1986,Miami,107.88333333333333,cpi
1094,1987,Miami,111.66666666666669,cpi
1095,1988,Miami,116.61666666666666,cpi
1096,1989,Miami,121.36666666666666,cpi
1097,1990,Miami,127.68333333333334,cpi
1098,1991,Miami,132.18333333333334,cpi
1099,1992,Miami,134.36666666666667,cpi
1100,1993,Miami,139.0,cpi
1101,1994,Miami,143.36666666666667,cpi
1102,1995,Miami,148.66666666666666,cpi
1103,1996,Miami,153.4,cpi
1104,1997,Miami,158.52857142857144,cpi
1105,1998,Miami,160.60000000000002,cpi
1106,1999,Miami,162.6,cpi
1107,2000,Miami,168.04999999999998,cpi
1108,2001,Miami,173.16666666666666,cpi
1109,2002,Miami,175.75,cpi
1110,2003,Miami,180.73333333333332,cpi
1111,2004,Miami,185.85,cpi
1112,2005,Miami,194.7,cpi
1113,2006,Miami,204.26666666666668,cpi
1114,2007,Miami,212.8863333333333,cpi
1115,2008,Miami,222.16350000000003,cpi
1116,2009,Miami,221.5798333333333,cpi
1117,2010,Miami,223.1435,cpi
1118,2011,Miami,231.13916666666668,cpi
1119,2012,Miami,235.3425,cpi
1120,2013,Miami,238.36266666666663,cpi
1121,2014,Miami,243.2831666666667,cpi
1122,2015,Miami,245.74283333333327,cpi
1123,2016,Miami,250.25633333333332,cpi
1124,2017,Miami,256.72066666666666,cpi
1125,2018,Miami,265.622,cpi
1126,2019,Miami,270.0725,cpi
1127,2020,Miami,272.3635,cpi
1128,2021,Miami,283.2602,cpi
1129,1984,Minneapolis,103.1,cpi
1130,1985,Minneapolis,107.0,cpi
1131,1986,Minneapolis,108.4,cpi
1132,1987,Minneapolis,111.6,cpi
1133,1988,Minneapolis,117.2,cpi
1134,1989,Minneapolis,122.0,cpi
1135,1990,Minneapolis,127.0,cpi
1136,1991,Minneapolis,130.4,cpi
1137,1992,Minneapolis,135.0,cpi
1138,1993,Minneapolis,139.2,cpi
1139,1994,Minneapolis,143.6,cpi
1140,1995,Minneapolis,147.0,cpi
1141,1996,Minneapolis,151.9,cpi
1142,1997,Minneapolis,155.4,cpi
1143,1998,Minneapolis,158.3,cpi
1144,1999,Minneapolis,163.3,cpi
1145,2000,Minneapolis,170.1,cpi
1146,2001,Minneapolis,176.5,cpi
1147,2002,Minneapolis,179.6,cpi
1148,2003,Minneapolis,182.7,cpi
1149,2004,Minneapolis,187.9,cpi
1150,2005,Minneapolis,193.1,cpi
1151,2006,Minneapolis,196.2,cpi
1152,2007,Minneapolis,201.247,cpi
1153,2008,Minneapolis,208.958,cpi
1154,2009,Minneapolis,207.889,cpi
1155,2010,Minneapolis,211.728,cpi
1156,2011,Minneapolis,219.339,cpi
1157,2012,Minneapolis,224.459,cpi
1158,2013,Minneapolis,228.811,cpi
1159,2014,Minneapolis,232.013,cpi
1160,2015,Minneapolis,230.567,cpi
1161,2016,Minneapolis,234.145,cpi
1162,2017,Minneapolis,239.239,cpi
1163,2018,Minneapolis,244.969,cpi
1164,2019,Minneapolis,250.106,cpi
1165,2020,Minneapolis,252.997,cpi
1166,1915,NewYork,10.1,cpi
1167,1916,NewYork,11.3,cpi
1168,1917,NewYork,13.8,cpi
1169,1918,NewYork,16.8,cpi
1170,1919,NewYork,18.200000000000003,cpi
1171,1920,NewYork,20.2,cpi
1172,1921,NewYork,17.866666666666667,cpi
1173,1922,NewYork,17.200000000000003,cpi
1174,1923,NewYork,17.525000000000002,cpi
1175,1924,NewYork,17.474999999999998,cpi
1176,1925,NewYork,18.1,cpi
1177,1926,NewYork,18.1,cpi
1178,1927,NewYork,18.05,cpi
1179,1928,NewYork,17.75,cpi
1180,1929,NewYork,17.85,cpi
1181,1930,NewYork,17.2,cpi
1182,1931,NewYork,15.7,cpi
1183,1932,NewYork,14.45,cpi
1184,1933,NewYork,13.85,cpi
1185,1934,NewYork,14.35,cpi
1186,1935,NewYork,14.366666666666667,cpi
1187,1936,NewYork,14.54,cpi
1188,1937,NewYork,14.95,cpi
1189,1938,NewYork,14.55,cpi
1190,1939,NewYork,14.55,cpi
1191,1940,NewYork,14.7,cpi
1192,1941,NewYork,15.25,cpi
1193,1942,NewYork,16.716666666666665,cpi
1194,1943,NewYork,17.966666666666665,cpi
1195,1944,NewYork,18.4,cpi
1196,1945,NewYork,18.825,cpi
1197,1946,NewYork,20.683333333333334,cpi
1198,1947,NewYork,23.166666666666668,cpi
1199,1948,NewYork,24.741666666666664,cpi
1200,1949,NewYork,24.466666666666665,cpi
1201,1950,NewYork,24.60833333333333,cpi
1202,1951,NewYork,26.441666666666663,cpi
1203,1952,NewYork,26.899999999999995,cpi
1204,1953,NewYork,27.041666666666668,cpi
1205,1954,NewYork,27.20833333333333,cpi
1206,1955,NewYork,27.08333333333333,cpi
1207,1956,NewYork,27.483333333333334,cpi
1208,1957,NewYork,28.35833333333333,cpi
1209,1958,NewYork,29.20833333333333,cpi
1210,1959,NewYork,29.649999999999995,cpi
1211,1960,NewYork,30.191666666666663,cpi
1212,1961,NewYork,30.45833333333333,cpi
1213,1962,NewYork,30.925,cpi
1214,1963,NewYork,31.600000000000005,cpi
1215,1964,NewYork,32.09166666666666,cpi
1216,1965,NewYork,32.608333333333334,cpi
1217,1966,NewYork,33.708333333333336,cpi
1218,1967,NewYork,34.583333333333336,cpi
1219,1968,NewYork,36.07500000000001,cpi
1220,1969,NewYork,38.30833333333333,cpi
1221,1970,NewYork,41.14999999999999,cpi
1222,1971,NewYork,43.53333333333334,cpi
1223,1972,NewYork,45.45000000000001,cpi
1224,1973,NewYork,48.34166666666667,cpi
1225,1974,NewYork,53.54166666666666,cpi
1226,1975,NewYork,57.60833333333334,cpi
1227,1976,NewYork,60.991666666666674,cpi
1228,1977,NewYork,64.16666666666666,cpi
1229,1978,NewYork,67.85000000000001,cpi
1230,1979,NewYork,73.72500000000001,cpi
1231,1980,NewYork,82.05,cpi
1232,1981,NewYork,90.125,cpi
1233,1982,NewYork,95.33333333333336,cpi
1234,1983,NewYork,99.83333333333331,cpi
1235,1984,NewYork,104.83333333333331,cpi
1236,1985,NewYork,108.70833333333331,cpi
1237,1986,NewYork,112.275,cpi
1238,1987,NewYork,117.95,cpi
1239,1988,NewYork,123.68333333333334,cpi
1240,1989,NewYork,130.55833333333334,cpi
1241,1990,NewYork,138.54166666666666,cpi
1242,1991,NewYork,144.8,cpi
1243,1992,NewYork,150.025,cpi
1244,1993,NewYork,154.5083333333333,cpi
1245,1994,NewYork,158.18333333333334,cpi
1246,1995,NewYork,162.15833333333333,cpi
1247,1996,NewYork,166.925,cpi
1248,1997,NewYork,170.8166666666667,cpi
1249,1998,NewYork,173.60833333333332,cpi
1250,1999,NewYork,176.98333333333332,cpi
1251,2000,NewYork,182.48333333333332,cpi
1252,2001,NewYork,187.13333333333333,cpi
1253,2002,NewYork,191.9,cpi
1254,2003,NewYork,197.79166666666663,cpi
1255,2004,NewYork,204.76666666666665,cpi
1256,2005,NewYork,212.70833333333331,cpi
1257,2006,NewYork,220.74166666666667,cpi
1258,2007,NewYork,226.9400833333333,cpi
1259,2008,NewYork,235.78241666666665,cpi
1260,2009,NewYork,236.8245833333333,cpi
1261,2010,NewYork,240.86416666666665,cpi
1262,2011,NewYork,247.71758333333327,cpi
1263,2012,NewYork,252.58833333333337,cpi
1264,2013,NewYork,256.8330833333333,cpi
1265,2014,NewYork,260.2295833333334,cpi
1266,2015,NewYork,260.5581666666667,cpi
1267,2016,NewYork,263.36491666666666,cpi
1268,2017,NewYork,268.52041666666656,cpi
1269,2018,NewYork,273.64050000000003,cpi
1270,2019,NewYork,278.1641666666667,cpi
1271,2020,NewYork,282.9195833333334,cpi
1272,2021,NewYork,291.3276,cpi
1273,1915,Philadelphia,10.3,cpi
1274,1916,Philadelphia,11.6,cpi
1275,1917,Philadelphia,14.1,cpi
1276,1918,Philadelphia,17.0,cpi
1277,1919,Philadelphia,18.35,cpi
1278,1920,Philadelphia,20.6,cpi
1279,1921,Philadelphia,17.9,cpi
1280,1922,Philadelphia,17.2,cpi
1281,1923,Philadelphia,17.625,cpi
1282,1924,Philadelphia,17.725,cpi
1283,1925,Philadelphia,18.65,cpi
1284,1926,Philadelphia,18.75,cpi
1285,1927,Philadelphia,18.4,cpi
1286,1928,Philadelphia,17.950000000000003,cpi
1287,1929,Philadelphia,17.85,cpi
1288,1930,Philadelphia,17.15,cpi
1289,1931,Philadelphia,15.6,cpi
1290,1932,Philadelphia,13.85,cpi
1291,1933,Philadelphia,13.5,cpi
1292,1934,Philadelphia,14.15,cpi
1293,1935,Philadelphia,14.266666666666666,cpi
1294,1936,Philadelphia,14.52,cpi
1295,1937,Philadelphia,14.875,cpi
1296,1938,Philadelphia,14.5,cpi
1297,1939,Philadelphia,14.3,cpi
1298,1940,Philadelphia,14.333333333333334,cpi
1299,1941,Philadelphia,15.04166666666667,cpi
1300,1942,Philadelphia,16.733333333333334,cpi
1301,1943,Philadelphia,17.8,cpi
1302,1944,Philadelphia,18.041666666666668,cpi
1303,1945,Philadelphia,18.525,cpi
1304,1946,Philadelphia,20.10833333333333,cpi
1305,1947,Philadelphia,23.008333333333336,cpi
1306,1948,Philadelphia,24.83333333333333,cpi
1307,1949,Philadelphia,24.541666666666668,cpi
1308,1950,Philadelphia,24.691666666666663,cpi
1309,1951,Philadelphia,26.975,cpi
1310,1952,Philadelphia,27.49166666666667,cpi
1311,1953,Philadelphia,27.625,cpi
1312,1954,Philadelphia,27.90833333333333,cpi
1313,1955,Philadelphia,27.85,cpi
1314,1956,Philadelphia,28.23333333333333,cpi
1315,1957,Philadelphia,29.141666666666666,cpi
1316,1958,Philadelphia,29.716666666666665,cpi
1317,1959,Philadelphia,30.05,cpi
1318,1960,Philadelphia,30.58333333333333,cpi
1319,1961,Philadelphia,30.925,cpi
1320,1962,Philadelphia,31.200000000000003,cpi
1321,1963,Philadelphia,31.758333333333336,cpi
1322,1964,Philadelphia,32.25833333333333,cpi
1323,1965,Philadelphia,32.75833333333334,cpi
1324,1966,Philadelphia,33.7,cpi
1325,1967,Philadelphia,34.61666666666667,cpi
1326,1968,Philadelphia,36.275,cpi
1327,1969,Philadelphia,38.2,cpi
1328,1970,Philadelphia,40.76666666666667,cpi
1329,1971,Philadelphia,42.758333333333326,cpi
1330,1972,Philadelphia,43.94166666666667,cpi
1331,1973,Philadelphia,46.900000000000006,cpi
1332,1974,Philadelphia,52.46666666666667,cpi
1333,1975,Philadelphia,56.83333333333334,cpi
1334,1976,Philadelphia,59.64166666666667,cpi
1335,1977,Philadelphia,63.53333333333333,cpi
1336,1978,Philadelphia,67.24166666666666,cpi
1337,1979,Philadelphia,73.925,cpi
1338,1980,Philadelphia,83.575,cpi
1339,1981,Philadelphia,92.08333333333331,cpi
1340,1982,Philadelphia,96.55833333333334,cpi
1341,1983,Philadelphia,99.375,cpi
1342,1984,Philadelphia,104.04166666666669,cpi
1343,1985,Philadelphia,108.76666666666668,cpi
1344,1986,Philadelphia,111.46666666666668,cpi
1345,1987,Philadelphia,116.80833333333337,cpi
1346,1988,Philadelphia,122.39999999999998,cpi
1347,1989,Philadelphia,128.30000000000004,cpi
1348,1990,Philadelphia,135.84166666666667,cpi
1349,1991,Philadelphia,142.18333333333334,cpi
1350,1992,Philadelphia,146.58333333333337,cpi
1351,1993,Philadelphia,150.23333333333332,cpi
1352,1994,Philadelphia,154.64166666666668,cpi
1353,1995,Philadelphia,158.69166666666666,cpi
1354,1996,Philadelphia,162.84166666666667,cpi
1355,1997,Philadelphia,166.45,cpi
1356,1998,Philadelphia,168.33333333333334,cpi
1357,1999,Philadelphia,172.03333333333333,cpi
1358,2000,Philadelphia,176.6833333333333,cpi
1359,2001,Philadelphia,181.38333333333333,cpi
1360,2002,Philadelphia,185.13333333333333,cpi
1361,2003,Philadelphia,188.9833333333333,cpi
1362,2004,Philadelphia,196.88333333333333,cpi
1363,2005,Philadelphia,204.5333333333333,cpi
1364,2006,Philadelphia,212.35,cpi
1365,2007,Philadelphia,217.05383333333336,cpi
1366,2008,Philadelphia,224.10016666666664,cpi
1367,2009,Philadelphia,223.564,cpi
1368,2010,Philadelphia,227.84916666666663,cpi
1369,2011,Philadelphia,234.072,cpi
1370,2012,Philadelphia,238.27166666666665,cpi
1371,2013,Philadelphia,241.02066666666667,cpi
1372,2014,Philadelphia,244.1146666666667,cpi
1373,2015,Philadelphia,243.73133333333337,cpi
1374,2016,Philadelphia,245.55683333333332,cpi
1375,2017,Philadelphia,248.4935,cpi
1376,2018,Philadelphia,251.846,cpi
1377,2019,Philadelphia,256.91533333333336,cpi
1378,2020,Philadelphia,258.9941666666667,cpi
1379,2021,Philadelphia,268.9424,cpi
1380,2002,Phoenix,101.2,cpi
1381,2003,Phoenix,103.3,cpi
1382,2004,Phoenix,105.2,cpi
1383,2005,Phoenix,108.3,cpi
1384,2006,Phoenix,111.5,cpi
1385,2007,Phoenix,115.284,cpi
1386,2008,Phoenix,119.264,cpi
1387,2009,Phoenix,117.568,cpi
1388,2010,Phoenix,118.227,cpi
1389,2011,Phoenix,121.483,cpi
1390,2012,Phoenix,124.197,cpi
1391,2013,Phoenix,125.782,cpi
1392,2014,Phoenix,127.823,cpi
1393,2015,Phoenix,128.019,cpi
1394,2016,Phoenix,130.107,cpi
1395,2017,Phoenix,133.324,cpi
1396,2018,Phoenix,138.875,cpi
1397,2019,Phoenix,142.92,cpi
1398,2020,Phoenix,145.724,cpi
1399,2021,Phoenix,153.032,cpi
1400,1984,SanDiego,104.8,cpi
1401,1985,SanDiego,110.4,cpi
1402,1986,SanDiego,113.5,cpi
1403,1987,SanDiego,117.5,cpi
1404,1988,SanDiego,123.4,cpi
1405,1989,SanDiego,130.6,cpi
1406,1990,SanDiego,138.4,cpi
1407,1991,SanDiego,143.4,cpi
1408,1992,SanDiego,147.4,cpi
1409,1993,SanDiego,150.6,cpi
1410,1994,SanDiego,154.5,cpi
1411,1995,SanDiego,156.8,cpi
1412,1996,SanDiego,160.9,cpi
1413,1997,SanDiego,163.7,cpi
1414,1998,SanDiego,166.9,cpi
1415,1999,SanDiego,172.8,cpi
1416,2000,SanDiego,182.8,cpi
1417,2001,SanDiego,191.2,cpi
1418,2002,SanDiego,197.9,cpi
1419,2003,SanDiego,205.3,cpi
1420,2004,SanDiego,212.8,cpi
1421,2005,SanDiego,220.6,cpi
1422,2006,SanDiego,228.1,cpi
1423,2007,SanDiego,233.321,cpi
1424,2008,SanDiego,242.313,cpi
1425,2009,SanDiego,242.27,cpi
1426,2010,SanDiego,245.464,cpi
1427,2011,SanDiego,252.91,cpi
1428,2012,SanDiego,256.961,cpi
1429,2013,SanDiego,260.317,cpi
1430,2014,SanDiego,265.145,cpi
1431,2015,SanDiego,269.436,cpi
1432,2016,SanDiego,274.732,cpi
1433,2017,SanDiego,283.012,cpi
1434,2018,SanDiego,292.547,cpi
1435,2019,SanDiego,299.433,cpi
1436,2020,SanDiego,303.932,cpi
1437,2021,SanDiego,319.761,cpi
1438,1915,SanFrancisco,9.2,cpi
1439,1916,SanFrancisco,10.0,cpi
1440,1917,SanFrancisco,11.6,cpi
1441,1918,SanFrancisco,14.1,cpi
1442,1919,SanFrancisco,15.5,cpi
1443,1920,SanFrancisco,17.0,cpi
1444,1921,SanFrancisco,15.066666666666668,cpi
1445,1922,SanFrancisco,14.6,cpi
1446,1923,SanFrancisco,14.7,cpi
1447,1924,SanFrancisco,14.675,cpi
1448,1925,SanFrancisco,15.2,cpi
1449,1926,SanFrancisco,15.0,cpi
1450,1927,SanFrancisco,14.95,cpi
1451,1928,SanFrancisco,14.9,cpi
1452,1929,SanFrancisco,14.85,cpi
1453,1930,SanFrancisco,14.35,cpi
1454,1931,SanFrancisco,13.1,cpi
1455,1932,SanFrancisco,12.1,cpi
1456,1933,SanFrancisco,11.9,cpi
1457,1934,SanFrancisco,12.35,cpi
1458,1935,SanFrancisco,12.4,cpi
1459,1936,SanFrancisco,12.36,cpi
1460,1937,SanFrancisco,12.875,cpi
1461,1938,SanFrancisco,12.8,cpi
1462,1939,SanFrancisco,12.65,cpi
1463,1940,SanFrancisco,12.716666666666669,cpi
1464,1941,SanFrancisco,13.35,cpi
1465,1942,SanFrancisco,14.958333333333336,cpi
1466,1943,SanFrancisco,15.949999999999998,cpi
1467,1944,SanFrancisco,16.35833333333333,cpi
1468,1945,SanFrancisco,16.816666666666666,cpi
1469,1946,SanFrancisco,18.15,cpi
1470,1947,SanFrancisco,20.45,cpi
1471,1948,SanFrancisco,22.125,cpi
1472,1949,SanFrancisco,21.925,cpi
1473,1950,SanFrancisco,22.125,cpi
1474,1951,SanFrancisco,23.875,cpi
1475,1952,SanFrancisco,24.675,cpi
1476,1953,SanFrancisco,25.075000000000003,cpi
1477,1954,SanFrancisco,25.025,cpi
1478,1955,SanFrancisco,24.9,cpi
1479,1956,SanFrancisco,25.575,cpi
1480,1957,SanFrancisco,26.55,cpi
1481,1958,SanFrancisco,27.525,cpi
1482,1959,SanFrancisco,28.075,cpi
1483,1960,SanFrancisco,28.6,cpi
1484,1961,SanFrancisco,28.925,cpi
1485,1962,SanFrancisco,29.4,cpi
1486,1963,SanFrancisco,29.85,cpi
1487,1964,SanFrancisco,30.275,cpi
1488,1965,SanFrancisco,30.875000000000004,cpi
1489,1966,SanFrancisco,31.675,cpi
1490,1967,SanFrancisco,32.6,cpi
1491,1968,SanFrancisco,34.1,cpi
1492,1969,SanFrancisco,36.0,cpi
1493,1970,SanFrancisco,37.825,cpi
1494,1971,SanFrancisco,39.150000000000006,cpi
1495,1972,SanFrancisco,40.575,cpi
1496,1973,SanFrancisco,43.05,cpi
1497,1974,SanFrancisco,47.45,cpi
1498,1975,SanFrancisco,52.05,cpi
1499,1976,SanFrancisco,54.85,cpi
1500,1977,SanFrancisco,59.2,cpi
1501,1978,SanFrancisco,64.49999999999999,cpi
1502,1979,SanFrancisco,70.2,cpi
1503,1980,SanFrancisco,80.76666666666667,cpi
1504,1981,SanFrancisco,91.25,cpi
1505,1982,SanFrancisco,97.58333333333331,cpi
1506,1983,SanFrancisco,98.6,cpi
1507,1984,SanFrancisco,104.28333333333332,cpi
1508,1985,SanFrancisco,108.48333333333332,cpi
1509,1986,SanFrancisco,111.76666666666664,cpi
1510,1987,SanFrancisco,115.39166666666668,cpi
1511,1988,SanFrancisco,120.5,cpi
1512,1989,SanFrancisco,126.35,cpi
1513,1990,SanFrancisco,132.05,cpi
1514,1991,SanFrancisco,137.90833333333333,cpi
1515,1992,SanFrancisco,142.5,cpi
1516,1993,SanFrancisco,146.34166666666667,cpi
1517,1994,SanFrancisco,148.65,cpi
1518,1995,SanFrancisco,151.56666666666666,cpi
1519,1996,SanFrancisco,155.0666666666667,cpi
1520,1997,SanFrancisco,160.38333333333333,cpi
1521,1998,SanFrancisco,165.75,cpi
1522,1999,SanFrancisco,172.76666666666668,cpi
1523,2000,SanFrancisco,180.58333333333331,cpi
1524,2001,SanFrancisco,190.2,cpi
1525,2002,SanFrancisco,193.08333333333331,cpi
1526,2003,SanFrancisco,196.53333333333333,cpi
1527,2004,SanFrancisco,198.9833333333333,cpi
1528,2005,SanFrancisco,202.86666666666667,cpi
1529,2006,SanFrancisco,209.5333333333333,cpi
1530,2007,SanFrancisco,216.38783333333336,cpi
1531,2008,SanFrancisco,222.77166666666668,cpi
1532,2009,SanFrancisco,224.6338333333333,cpi
1533,2010,SanFrancisco,227.61183333333332,cpi
1534,2011,SanFrancisco,233.669,cpi
1535,2012,SanFrancisco,239.868,cpi
1536,2013,SanFrancisco,245.28116666666665,cpi
1537,2014,SanFrancisco,252.2595,cpi
1538,2015,SanFrancisco,258.81233333333336,cpi
1539,2016,SanFrancisco,266.808,cpi
1540,2017,SanFrancisco,275.39933333333335,cpi
1541,2018,SanFrancisco,286.33750000000003,cpi
1542,2019,SanFrancisco,295.3711666666666,cpi
1543,2020,SanFrancisco,300.4436666666667,cpi
1544,2021,SanFrancisco,309.547,cpi
1545,1915,Seattle,9.1,cpi
1546,1916,Seattle,9.7,cpi
1547,1917,Seattle,11.8,cpi
1548,1918,Seattle,15.4,cpi
1549,1919,Seattle,17.1,cpi
1550,1920,Seattle,18.75,cpi
1551,1921,Seattle,16.366666666666664,cpi
1552,1922,Seattle,15.575,cpi
1553,1923,Seattle,15.45,cpi
1554,1924,Seattle,15.55,cpi
1555,1925,Seattle,16.0,cpi
1556,1926,Seattle,15.75,cpi
1557,1927,Seattle,15.6,cpi
1558,1928,Seattle,15.35,cpi
1559,1929,Seattle,15.5,cpi
1560,1930,Seattle,14.95,cpi
1561,1931,Seattle,13.65,cpi
1562,1932,Seattle,12.35,cpi
1563,1933,Seattle,12.05,cpi
1564,1934,Seattle,12.3,cpi
1565,1935,Seattle,12.566666666666668,cpi
1566,1936,Seattle,12.74,cpi
1567,1937,Seattle,13.375,cpi
1568,1938,Seattle,13.224999999999998,cpi
1569,1939,Seattle,13.15,cpi
1570,1940,Seattle,13.216666666666669,cpi
1571,1941,Seattle,14.008333333333336,cpi
1572,1942,Seattle,15.749999999999998,cpi
1573,1943,Seattle,16.65,cpi
1574,1944,Seattle,16.94166666666667,cpi
1575,1945,Seattle,17.316666666666663,cpi
1576,1946,Seattle,18.641666666666666,cpi
1577,1947,Seattle,20.8375,cpi
1578,1948,Seattle,22.85,cpi
1579,1949,Seattle,22.75,cpi
1580,1950,Seattle,23.0,cpi
1581,1951,Seattle,24.875,cpi
1582,1952,Seattle,25.525,cpi
1583,1953,Seattle,25.75,cpi
1584,1954,Seattle,25.775,cpi
1585,1955,Seattle,25.925,cpi
1586,1956,Seattle,26.225,cpi
1587,1957,Seattle,27.35,cpi
1588,1958,Seattle,27.95,cpi
1589,1959,Seattle,28.475,cpi
1590,1960,Seattle,28.8,cpi
1591,1961,Seattle,29.3,cpi
1592,1962,Seattle,29.75,cpi
1593,1963,Seattle,30.225,cpi
1594,1964,Seattle,30.625,cpi
1595,1965,Seattle,30.95,cpi
1596,1966,Seattle,31.875,cpi
1597,1967,Seattle,32.8,cpi
1598,1968,Seattle,34.15,cpi
1599,1969,Seattle,35.8,cpi
1600,1970,Seattle,37.400000000000006,cpi
1601,1971,Seattle,38.175,cpi
1602,1972,Seattle,39.275,cpi
1603,1973,Seattle,41.8,cpi
1604,1974,Seattle,46.400000000000006,cpi
1605,1975,Seattle,51.125,cpi
1606,1976,Seattle,53.95,cpi
1607,1977,Seattle,58.25,cpi
1608,1978,Seattle,63.65,cpi
1609,1979,Seattle,70.48333333333333,cpi
1610,1980,Seattle,82.3,cpi
1611,1981,Seattle,91.35,cpi
1612,1982,Seattle,97.68333333333334,cpi
1613,1983,Seattle,99.15,cpi
1614,1984,Seattle,102.84999999999998,cpi
1615,1985,Seattle,105.5,cpi
1616,1986,Seattle,106.7,cpi
1617,1997,Seattle,165.0,cpi
1618,1998,Seattle,167.93333333333334,cpi
1619,1999,Seattle,173.0,cpi
1620,2000,Seattle,179.5,cpi
1621,2001,Seattle,185.88333333333333,cpi
1622,2002,Seattle,189.5,cpi
1623,2003,Seattle,192.4,cpi
1624,2004,Seattle,194.88333333333333,cpi
1625,2005,Seattle,200.46666666666667,cpi
1626,2006,Seattle,207.98333333333332,cpi
1627,2007,Seattle,216.05866666666668,cpi
1628,2008,Seattle,224.872,cpi
1629,2009,Seattle,226.15383333333335,cpi
1630,2010,Seattle,226.74566666666664,cpi
1631,2011,Seattle,233.09733333333332,cpi
1632,2012,Seattle,238.796,cpi
1633,2013,Seattle,241.69166666666663,cpi
1634,2014,Seattle,246.18616666666665,cpi
1635,2015,Seattle,249.59366666666665,cpi
1636,2016,Seattle,255.254,cpi
1637,2017,Seattle,263.1091666666667,cpi
1638,2018,Seattle,271.4096666666666,cpi
1639,2019,Seattle,278.1815,cpi
1640,2020,Seattle,282.7455,cpi
1641,2021,Seattle,293.32375,cpi
1642,1984,StLouis,103.3,cpi
1643,1985,StLouis,107.1,cpi
1644,1986,StLouis,108.65,cpi
1645,1987,StLouis,112.15,cpi
1646,1988,StLouis,115.75,cpi
1647,1989,StLouis,121.85,cpi
1648,1990,StLouis,128.14999999999998,cpi
1649,1991,StLouis,132.1,cpi
1650,1992,StLouis,134.7,cpi
1651,1993,StLouis,137.45,cpi
1652,1994,StLouis,141.3,cpi
1653,1995,StLouis,145.25,cpi
1654,1996,StLouis,149.60000000000002,cpi
1655,1997,StLouis,152.89999999999998,cpi
1656,1998,StLouis,154.5,cpi
1657,1999,StLouis,157.60000000000002,cpi
1658,2000,StLouis,163.05,cpi
1659,2001,StLouis,167.3,cpi
1660,2002,StLouis,169.05,cpi
1661,2003,StLouis,173.4,cpi
1662,2004,StLouis,180.35,cpi
1663,2005,StLouis,186.2,cpi
1664,2006,StLouis,189.55,cpi
1665,2007,StLouis,193.2315,cpi
1666,2008,StLouis,198.7,cpi
1667,2009,StLouis,198.472,cpi
1668,2010,StLouis,203.187,cpi
1669,2011,StLouis,209.776,cpi
1670,2012,StLouis,214.7675,cpi
1671,2013,StLouis,217.965,cpi
1672,2014,StLouis,220.217,cpi
1673,2015,StLouis,219.3215,cpi
1674,2016,StLouis,221.0745,cpi
1675,2017,StLouis,224.747,cpi
1676,2018,StLouis,228.8515,cpi
1677,2019,StLouis,231.187,cpi
1678,2020,StLouis,232.906,cpi
1679,2021,StLouis,245.82,cpi
1680,1997,Tampa,134.6,cpi
1681,1998,Tampa,137.5,cpi
1682,1999,Tampa,140.60000000000002,cpi
1683,2000,Tampa,145.64999999999998,cpi
1684,2001,Tampa,148.8,cpi
1685,2002,Tampa,153.89999999999998,cpi
1686,2003,Tampa,158.1,cpi
1687,2004,Tampa,162.0,cpi
1688,2005,Tampa,168.5,cpi
1689,2006,Tampa,175.25,cpi
1690,2007,Tampa,184.2875,cpi
1691,2008,Tampa,190.136,cpi
1692,2009,Tampa,189.905,cpi
1693,2010,Tampa,193.504,cpi
1694,2011,Tampa,198.938,cpi
1695,2012,Tampa,203.637,cpi
1696,2013,Tampa,206.786,cpi
1697,2014,Tampa,210.8155,cpi
1698,2015,Tampa,211.5565,cpi
1699,2016,Tampa,214.037,cpi
1700,2017,Tampa,219.4615,cpi
1701,2018,Tampa,224.2625,cpi
1702,2019,Tampa,228.1345,cpi
1703,2020,Tampa,233.8435,cpi
1704,2021,Tampa,247.9505,cpi
1705,2000,WashingtonDC,173.4333333333333,cpi
1706,2001,WashingtonDC,178.45000000000002,cpi
1707,2002,WashingtonDC,183.48333333333332,cpi
1708,2003,WashingtonDC,189.2,cpi
1709,2004,WashingtonDC,194.45,cpi
1710,2005,WashingtonDC,202.1833333333333,cpi
1711,2006,WashingtonDC,208.96666666666667,cpi
1712,2007,WashingtonDC,215.93983333333333,cpi
1713,2008,WashingtonDC,224.8373333333333,cpi
1714,2009,WashingtonDC,224.64016666666663,cpi
1715,2010,WashingtonDC,229.0205,cpi
1716,2011,WashingtonDC,236.73183333333336,cpi
1717,2012,WashingtonDC,242.223,cpi
1718,2013,WashingtonDC,245.9548333333333,cpi
1719,2014,WashingtonDC,249.77416666666667,cpi
1720,2015,WashingtonDC,250.60533333333333,cpi
1721,2016,WashingtonDC,253.36366666666663,cpi
1722,2017,WashingtonDC,256.10633333333334,cpi
1723,2018,WashingtonDC,261.3678333333333,cpi
1724,2019,WashingtonDC,264.704,cpi
1725,2020,WashingtonDC,267.0543333333333,cpi
1726,2021,WashingtonDC,275.7472,cpi
1727,2001,Atlanta,208125.355,gdp
1728,2002,Atlanta,214103.456,gdp
1729,2003,Atlanta,224545.629,gdp
1730,2004,Atlanta,239911.624,gdp
1731,2005,Atlanta,257637.922,gdp
1732,2006,Atlanta,269153.32,gdp
1733,2007,Atlanta,277955.081,gdp
1734,2008,Atlanta,273531.551,gdp
1735,2009,Atlanta,266522.797,gdp
1736,2010,Atlanta,272123.159,gdp
1737,2011,Atlanta,281302.905,gdp
1738,2012,Atlanta,292330.813,gdp
1739,2013,Atlanta,305248.975,gdp
1740,2014,Atlanta,325002.757,gdp
1741,2015,Atlanta,347744.957,gdp
1742,2016,Atlanta,369995.897,gdp
1743,2017,Atlanta,389471.813,gdp
1744,2018,Atlanta,411660.045,gdp
1745,2019,Atlanta,438936.814,gdp
1746,2020,Atlanta,425443.807,gdp
1747,2001,Baltimore,102974.672,gdp
1748,2002,Baltimore,108228.454,gdp
1749,2003,Baltimore,112798.305,gdp
1750,2004,Baltimore,119753.767,gdp
1751,2005,Baltimore,128559.908,gdp
1752,2006,Baltimore,135614.829,gdp
1753,2007,Baltimore,140017.144,gdp
1754,2008,Baltimore,144649.594,gdp
1755,2009,Baltimore,146563.97,gdp
1756,2010,Baltimore,153461.467,gdp
1757,2011,Baltimore,158810.789,gdp
1758,2012,Baltimore,163424.445,gdp
1759,2013,Baltimore,169217.635,gdp
1760,2014,Baltimore,175334.844,gdp
1761,2015,Baltimore,183664.932,gdp
1762,2016,Baltimore,192223.283,gdp
1763,2017,Baltimore,198751.559,gdp
1764,2018,Baltimore,205653.047,gdp
1765,2019,Baltimore,212887.514,gdp
1766,2020,Baltimore,205810.923,gdp
1767,2001,Boston,234693.57,gdp
1768,2002,Boston,237735.492,gdp
1769,2003,Boston,245407.958,gdp
1770,2004,Boston,259116.344,gdp
1771,2005,Boston,272211.311,gdp
1772,2006,Boston,287146.989,gdp
1773,2007,Boston,303949.312,gdp
1774,2008,Boston,311634.603,gdp
1775,2009,Boston,312593.395,gdp
1776,2010,Boston,330424.307,gdp
1777,2011,Boston,341801.133,gdp
1778,2012,Boston,357088.355,gdp
1779,2013,Boston,366244.863,gdp
1780,2014,Boston,379924.795,gdp
1781,2015,Boston,403931.138,gdp
1782,2016,Boston,418289.875,gdp
1783,2017,Boston,434282.612,gdp
1784,2018,Boston,462229.528,gdp
1785,2019,Boston,488174.288,gdp
1786,2020,Boston,480307.073,gdp
1787,2001,Chicago,401407.693,gdp
1788,2002,Chicago,411155.211,gdp
1789,2003,Chicago,425385.586,gdp
1790,2004,Chicago,449004.156,gdp
1791,2005,Chicago,472993.552,gdp
1792,2006,Chicago,500969.502,gdp
1793,2007,Chicago,523165.163,gdp
1794,2008,Chicago,520597.015,gdp
1795,2009,Chicago,510758.958,gdp
1796,2010,Chicago,523098.041,gdp
1797,2011,Chicago,542384.78,gdp
1798,2012,Chicago,570954.874,gdp
1799,2013,Chicago,583070.72,gdp
1800,2014,Chicago,609478.18,gdp
1801,2015,Chicago,636938.865,gdp
1802,2016,Chicago,647455.652,gdp
1803,2017,Chicago,667153.495,gdp
1804,2018,Chicago,701954.968,gdp
1805,2019,Chicago,721906.95,gdp
1806,2020,Chicago,692988.237,gdp
1807,2001,Dallas,227080.475,gdp
1808,2002,Dallas,236415.902,gdp
1809,2003,Dallas,243606.207,gdp
1810,2004,Dallas,263007.684,gdp
1811,2005,Dallas,284629.814,gdp
1812,2006,Dallas,314651.882,gdp
1813,2007,Dallas,332946.793,gdp
1814,2008,Dallas,343969.797,gdp
1815,2009,Dallas,327718.816,gdp
1816,2010,Dallas,340179.679,gdp
1817,2011,Dallas,359386.458,gdp
1818,2012,Dallas,377846.407,gdp
1819,2013,Dallas,396428.072,gdp
1820,2014,Dallas,417730.688,gdp
1821,2015,Dallas,438084.248,gdp
1822,2016,Dallas,456712.675,gdp
1823,2017,Dallas,480906.203,gdp
1824,2018,Dallas,511962.537,gdp
1825,2019,Dallas,540633.961,gdp
1826,2020,Dallas,534807.251,gdp
1827,2001,Denver,107439.627,gdp
1828,2002,Denver,109575.857,gdp
1829,2003,Denver,111826.233,gdp
1830,2004,Denver,115122.352,gdp
1831,2005,Denver,123337.59,gdp
1832,2006,Denver,129242.845,gdp
1833,2007,Denver,138503.714,gdp
1834,2008,Denver,140775.522,gdp
1835,2009,Denver,138281.399,gdp
1836,2010,Denver,142517.164,gdp
1837,2011,Denver,147392.855,gdp
1838,2012,Denver,154899.048,gdp
1839,2013,Denver,164035.645,gdp
1840,2014,Denver,173826.485,gdp
1841,2015,Denver,184611.894,gdp
1842,2016,Denver,190857.987,gdp
1843,2017,Denver,199940.107,gdp
1844,2018,Denver,213146.127,gdp
1845,2019,Denver,227259.597,gdp
1846,2020,Denver,223145.76,gdp
1847,2001,Detroit,183631.75,gdp
1848,2002,Detroit,189758.888,gdp
1849,2003,Detroit,195514.6,gdp
1850,2004,Detroit,199896.716,gdp
1851,2005,Detroit,207683.075,gdp
1852,2006,Detroit,205798.528,gdp
1853,2007,Detroit,208806.522,gdp
1854,2008,Detroit,196311.117,gdp
1855,2009,Detroit,180912.71,gdp
1856,2010,Detroit,192776.355,gdp
1857,2011,Detroit,202095.135,gdp
1858,2012,Detroit,214466.104,gdp
1859,2013,Detroit,222515.528,gdp
1860,2014,Detroit,229737.851,gdp
1861,2015,Detroit,240955.705,gdp
1862,2016,Detroit,248634.639,gdp
1863,2017,Detroit,253209.612,gdp
1864,2018,Detroit,262062.996,gdp
1865,2019,Detroit,266607.882,gdp
1866,2020,Detroit,254533.015,gdp
1867,2001,Houston,211844.038,gdp
1868,2002,Houston,211544.025,gdp
1869,2003,Houston,220710.445,gdp
1870,2004,Houston,248836.949,gdp
1871,2005,Houston,268327.933,gdp
1872,2006,Houston,301970.163,gdp
1873,2007,Houston,335873.22,gdp
1874,2008,Houston,337185.764,gdp
1875,2009,Houston,327938.543,gdp
1876,2010,Houston,353397.184,gdp
1877,2011,Houston,382941.351,gdp
1878,2012,Houston,406972.648,gdp
1879,2013,Houston,429918.372,gdp
1880,2014,Houston,441959.625,gdp
1881,2015,Houston,461490.275,gdp
1882,2016,Houston,453323.711,gdp
1883,2017,Houston,473076.363,gdp
1884,2018,Houston,505889.766,gdp
1885,2019,Houston,509311.54,gdp
1886,2020,Houston,488164.627,gdp
1887,2001,LosAngeles,518030.432,gdp
1888,2002,LosAngeles,536607.733,gdp
1889,2003,LosAngeles,567065.251,gdp
1890,2004,LosAngeles,600418.066,gdp
1891,2005,LosAngeles,634786.051,gdp
1892,2006,LosAngeles,677313.077,gdp
1893,2007,LosAngeles,701510.899,gdp
1894,2008,LosAngeles,718064.396,gdp
1895,2009,LosAngeles,694677.52,gdp
1896,2010,LosAngeles,721432.807,gdp
1897,2011,LosAngeles,742349.632,gdp
1898,2012,LosAngeles,770616.431,gdp
1899,2013,LosAngeles,799688.139,gdp
1900,2014,LosAngeles,833317.955,gdp
1901,2015,LosAngeles,882307.124,gdp
1902,2016,LosAngeles,910277.065,gdp
1903,2017,LosAngeles,957632.371,gdp
1904,2018,LosAngeles,1006224.798,gdp
1905,2019,LosAngeles,1055570.39,gdp
1906,2020,LosAngeles,1007037.066,gdp
1907,2001,Miami,179376.593,gdp
1908,2002,Miami,190252.192,gdp
1909,2003,Miami,201324.051,gdp
1910,2004,Miami,218381.456,gdp
1911,2005,Miami,237504.83,gdp
1912,2006,Miami,251490.254,gdp
1913,2007,Miami,260453.363,gdp
1914,2008,Miami,253256.139,gdp
1915,2009,Miami,241248.183,gdp
1916,2010,Miami,250416.44,gdp
1917,2011,Miami,254429.721,gdp
1918,2012,Miami,261234.789,gdp
1919,2013,Miami,273768.947,gdp
1920,2014,Miami,288657.23,gdp
1921,2015,Miami,308286.885,gdp
1922,2016,Miami,322562.832,gdp
1923,2017,Miami,340554.337,gdp
1924,2018,Miami,360229.87,gdp
1925,2019,Miami,376603.207,gdp
1926,2020,Miami,365051.489,gdp
1927,2001,Minneapolis,140695.819,gdp
1928,2002,Minneapolis,144892.539,gdp
1929,2003,Minneapolis,154369.671,gdp
1930,2004,Minneapolis,165416.53,gdp
1931,2005,Minneapolis,176747.829,gdp
1932,2006,Minneapolis,180933.17,gdp
1933,2007,Minneapolis,188527.274,gdp
1934,2008,Minneapolis,190205.069,gdp
1935,2009,Minneapolis,186323.291,gdp
1936,2010,Minneapolis,193513.287,gdp
1937,2011,Minneapolis,202332.22,gdp
1938,2012,Minneapolis,210304.679,gdp
1939,2013,Minneapolis,219793.327,gdp
1940,2014,Minneapolis,232315.465,gdp
1941,2015,Minneapolis,241312.263,gdp
1942,2016,Minneapolis,247968.009,gdp
1943,2017,Minneapolis,256332.871,gdp
1944,2018,Minneapolis,271255.004,gdp
1945,2019,Minneapolis,278263.825,gdp
1946,2020,Minneapolis,270282.128,gdp
1947,2001,NewYork,943455.215,gdp
1948,2002,NewYork,956748.499,gdp
1949,2003,NewYork,978374.463,gdp
1950,2004,NewYork,1030208.245,gdp
1951,2005,NewYork,1087191.918,gdp
1952,2006,NewYork,1152952.015,gdp
1953,2007,NewYork,1200662.079,gdp
1954,2008,NewYork,1200903.861,gdp
1955,2009,NewYork,1228112.524,gdp
1956,2010,NewYork,1288303.129,gdp
1957,2011,NewYork,1312974.304,gdp
1958,2012,NewYork,1400779.267,gdp
1959,2013,NewYork,1445252.232,gdp
1960,2014,NewYork,1507782.786,gdp
1961,2015,NewYork,1570332.745,gdp
1962,2016,NewYork,1638128.941,gdp
1963,2017,NewYork,1690244.554,gdp
1964,2018,NewYork,1790858.079,gdp
1965,2019,NewYork,1872165.505,gdp
1966,2020,NewYork,1809323.397,gdp
1967,2001,Philadelphia,242677.437,gdp
1968,2002,Philadelphia,249723.979,gdp
1969,2003,Philadelphia,264853.371,gdp
1970,2004,Philadelphia,282314.654,gdp
1971,2005,Philadelphia,293826.002,gdp
1972,2006,Philadelphia,306907.953,gdp
1973,2007,Philadelphia,326976.468,gdp
1974,2008,Philadelphia,340107.723,gdp
1975,2009,Philadelphia,334234.964,gdp
1976,2010,Philadelphia,343539.465,gdp
1977,2011,Philadelphia,351690.659,gdp
1978,2012,Philadelphia,367778.658,gdp
1979,2013,Philadelphia,377541.289,gdp
1980,2014,Philadelphia,394728.109,gdp
1981,2015,Philadelphia,407824.145,gdp
1982,2016,Philadelphia,414883.706,gdp
1983,2017,Philadelphia,418695.981,gdp
1984,2018,Philadelphia,435423.852,gdp
1985,2019,Philadelphia,450742.192,gdp
1986,2020,Philadelphia,439055.118,gdp
1987,2001,Phoenix,124351.109,gdp
1988,2002,Phoenix,130829.924,gdp
1989,2003,Phoenix,140576.011,gdp
1990,2004,Phoenix,150742.34,gdp
1991,2005,Phoenix,166970.628,gdp
1992,2006,Phoenix,180974.009,gdp
1993,2007,Phoenix,191100.208,gdp
1994,2008,Phoenix,190521.764,gdp
1995,2009,Phoenix,176581.612,gdp
1996,2010,Phoenix,178397.036,gdp
1997,2011,Phoenix,185788.925,gdp
1998,2012,Phoenix,195823.019,gdp
1999,2013,Phoenix,201280.704,gdp
2000,2014,Phoenix,209291.466,gdp
2001,2015,Phoenix,219956.597,gdp
2002,2016,Phoenix,230743.32,gdp
2003,2017,Phoenix,243103.394,gdp
2004,2018,Phoenix,259286.475,gdp
2005,2019,Phoenix,276914.305,gdp
2006,2020,Phoenix,281004.837,gdp
2007,2001,SanDiego,115056.794,gdp
2008,2002,SanDiego,122438.054,gdp
2009,2003,SanDiego,131143.091,gdp
2010,2004,SanDiego,141858.951,gdp
2011,2005,SanDiego,152878.644,gdp
2012,2006,SanDiego,160656.914,gdp
2013,2007,SanDiego,167416.333,gdp
2014,2008,SanDiego,168273.109,gdp
2015,2009,SanDiego,164417.694,gdp
2016,2010,SanDiego,167899.892,gdp
2017,2011,SanDiego,173264.401,gdp
2018,2012,SanDiego,178241.243,gdp
2019,2013,SanDiego,188473.15,gdp
2020,2014,SanDiego,197247.964,gdp
2021,2015,SanDiego,207514.333,gdp
2022,2016,SanDiego,211862.374,gdp
2023,2017,SanDiego,222238.592,gdp
2024,2018,SanDiego,232579.152,gdp
2025,2019,SanDiego,242950.042,gdp
2026,2020,SanDiego,240411.072,gdp
2027,2001,SanFrancisco,240223.331,gdp
2028,2002,SanFrancisco,238126.362,gdp
2029,2003,SanFrancisco,246289.538,gdp
2030,2004,SanFrancisco,256414.07,gdp
2031,2005,SanFrancisco,278166.393,gdp
2032,2006,SanFrancisco,296377.341,gdp
2033,2007,SanFrancisco,307604.98,gdp
2034,2008,SanFrancisco,324695.029,gdp
2035,2009,SanFrancisco,309329.272,gdp
2036,2010,SanFrancisco,316779.481,gdp
2037,2011,SanFrancisco,329715.792,gdp
2038,2012,SanFrancisco,363995.871,gdp
2039,2013,SanFrancisco,382609.214,gdp
2040,2014,SanFrancisco,412207.012,gdp
2041,2015,SanFrancisco,443406.281,gdp
2042,2016,SanFrancisco,472395.545,gdp
2043,2017,SanFrancisco,519358.95,gdp
2044,2018,SanFrancisco,562046.311,gdp
2045,2019,SanFrancisco,595294.62,gdp
2046,2020,SanFrancisco,588335.543,gdp
2047,2001,Seattle,159243.612,gdp
2048,2002,Seattle,162437.211,gdp
2049,2003,Seattle,167612.447,gdp
2050,2004,Seattle,175236.78,gdp
2051,2005,Seattle,192044.474,gdp
2052,2006,Seattle,206996.833,gdp
2053,2007,Seattle,227215.084,gdp
2054,2008,Seattle,235857.435,gdp
2055,2009,Seattle,231980.182,gdp
2056,2010,Seattle,240147.409,gdp
2057,2011,Seattle,251468.132,gdp
2058,2012,Seattle,269458.587,gdp
2059,2013,Seattle,285068.194,gdp
2060,2014,Seattle,302314.756,gdp
2061,2015,Seattle,320665.748,gdp
2062,2016,Seattle,336256.816,gdp
2063,2017,Seattle,360610.815,gdp
2064,2018,Seattle,393634.702,gdp
2065,2019,Seattle,419475.451,gdp
2066,2020,Seattle,426939.963,gdp
2067,2001,StLouis,102596.127,gdp
2068,2002,StLouis,105867.635,gdp
2069,2003,StLouis,111060.939,gdp
2070,2004,StLouis,116501.16,gdp
2071,2005,StLouis,122524.352,gdp
2072,2006,StLouis,126569.159,gdp
2073,2007,StLouis,131097.4,gdp
2074,2008,StLouis,136423.615,gdp
2075,2009,StLouis,135802.173,gdp
2076,2010,StLouis,139383.244,gdp
2077,2011,StLouis,142235.693,gdp
2078,2012,StLouis,147315.271,gdp
2079,2013,StLouis,150924.346,gdp
2080,2014,StLouis,156102.297,gdp
2081,2015,StLouis,159904.74,gdp
2082,2016,StLouis,160781.042,gdp
2083,2017,StLouis,163129.437,gdp
2084,2018,StLouis,170039.45,gdp
2085,2019,StLouis,175382.47,gdp
2086,2020,StLouis,171493.444,gdp
2087,2001,Tampa,80171.426,gdp
2088,2002,Tampa,85318.547,gdp
2089,2003,Tampa,91144.945,gdp
2090,2004,Tampa,99483.963,gdp
2091,2005,Tampa,107620.219,gdp
2092,2006,Tampa,113539.032,gdp
2093,2007,Tampa,117748.606,gdp
2094,2008,Tampa,115724.104,gdp
2095,2009,Tampa,113934.961,gdp
2096,2010,Tampa,115728.996,gdp
2097,2011,Tampa,117019.432,gdp
2098,2012,Tampa,121305.114,gdp
2099,2013,Tampa,126082.901,gdp
2100,2014,Tampa,131043.519,gdp
2101,2015,Tampa,139192.472,gdp
2102,2016,Tampa,145593.768,gdp
2103,2017,Tampa,150980.261,gdp
2104,2018,Tampa,159127.777,gdp
2105,2019,Tampa,168393.558,gdp
2106,2020,Tampa,169269.54,gdp
2107,2001,WashingtonDC,262794.287,gdp
2108,2002,WashingtonDC,279284.499,gdp
2109,2003,WashingtonDC,296612.614,gdp
2110,2004,WashingtonDC,322239.145,gdp
2111,2005,WashingtonDC,346494.926,gdp
2112,2006,WashingtonDC,362080.028,gdp
2113,2007,WashingtonDC,378592.255,gdp
2114,2008,WashingtonDC,397776.821,gdp
2115,2009,WashingtonDC,403211.911,gdp
2116,2010,WashingtonDC,425450.394,gdp
2117,2011,WashingtonDC,438793.743,gdp
2118,2012,WashingtonDC,448273.184,gdp
2119,2013,WashingtonDC,455796.805,gdp
2120,2014,WashingtonDC,469122.707,gdp
2121,2015,WashingtonDC,488987.413,gdp
2122,2016,WashingtonDC,508569.36,gdp
2123,2017,WashingtonDC,525176.093,gdp
2124,2018,WashingtonDC,547123.109,gdp
2125,2019,WashingtonDC,566892.038,gdp
2126,2020,WashingtonDC,561027.941,gdp
