year,variable,value
1917,Atlanta,15.2
1918,Atlanta,18.2
1919,Atlanta,19.85
1920,Atlanta,21.9
1921,Atlanta,18.5
1922,Atlanta,17.4
1923,Atlanta,17.575
1924,Atlanta,17.3
1925,Atlanta,18.1
1926,Atlanta,17.9
1927,Atlanta,17.65
1928,Atlanta,17.35
1929,Atlanta,17.1
1930,Atlanta,16.15
1931,Atlanta,14.4
1932,Atlanta,13.0
1933,Atlanta,12.7
1934,Atlanta,13.25
1935,Atlanta,13.5
1936,Atlanta,13.76
1937,Atlanta,14.125
1938,Atlanta,13.75
1939,Atlanta,13.625
1940,Atlanta,13.649999999999999
1941,Atlanta,14.5
1942,Atlanta,16.025
1943,Atlanta,17.075000000000003
1944,Atlanta,17.375
1945,Atlanta,17.95
1946,Atlanta,19.525
1947,Atlanta,22.375000000000004
1948,Atlanta,23.825
1949,Atlanta,23.775
1950,Atlanta,24.050000000000004
1951,Atlanta,26.425
1952,Atlanta,27.060000000000002
1953,Atlanta,27.3
1954,Atlanta,27.2
1955,Atlanta,27.125
1956,Atlanta,27.55
1957,Atlanta,28.325000000000003
1958,Atlanta,29.049999999999997
1959,Atlanta,29.200000000000003
1960,Atlanta,29.65
1961,Atlanta,29.775000000000002
1962,Atlanta,30.049999999999997
1963,Atlanta,30.3
1964,Atlanta,30.8
1965,Atlanta,31.200000000000003
1966,Atlanta,32.25
1967,Atlanta,33.25
1968,Atlanta,34.625
1969,Atlanta,36.75
1970,Atlanta,38.8
1971,Atlanta,40.5
1972,Atlanta,41.725
1973,Atlanta,44.65
1974,Atlanta,49.72500000000001
1975,Atlanta,53.925
1976,Atlanta,56.25
1977,Atlanta,59.925000000000004
1978,Atlanta,64.05
1979,Atlanta,70.83333333333333
1980,Atlanta,80.85000000000001
1981,Atlanta,90.53333333333335
1982,Atlanta,96.19999999999999
1983,Atlanta,100.06666666666666
1984,Atlanta,104.26666666666667
1985,Atlanta,109.14999999999999
1986,Atlanta,112.26666666666667
1997,Atlanta,159.4
1998,Atlanta,161.29999999999998
1999,Atlanta,165.01666666666668
2000,Atlanta,170.78333333333333
2001,Atlanta,176.35000000000002
2002,Atlanta,178.36666666666667
2003,Atlanta,180.85
2004,Atlanta,183.33333333333334
2005,Atlanta,189.16666666666666
2006,Atlanta,194.08333333333334
2007,Atlanta,200.34533333333331
2008,Atlanta,206.22033333333334
2009,Atlanta,201.14333333333335
2010,Atlanta,203.55466666666666
2011,Atlanta,209.35666666666665
2012,Atlanta,212.8853333333333
2013,Atlanta,216.47566666666668
2014,Atlanta,221.05566666666664
2015,Atlanta,221.86100000000002
2016,Atlanta,225.7388333333333
2017,Atlanta,233.2173333333333
2018,Atlanta,238.62800000000001
2019,Atlanta,243.96483333333336
2020,Atlanta,246.79299999999998
2021,Atlanta,260.9144
2000,Baltimore,165.88333333333333
2001,Baltimore,169.6
2002,Baltimore,171.13333333333333
2003,Baltimore,175.4666666666667
2004,Baltimore,180.3166666666667
2005,Baltimore,187.63333333333333
2006,Baltimore,196.08333333333334
2007,Baltimore,203.81866666666664
2008,Baltimore,216.43366666666665
2009,Baltimore,218.12983333333332
2010,Baltimore,220.67333333333332
2011,Baltimore,227.799
2012,Baltimore,232.41533333333334
2013,Baltimore,235.79550000000003
2014,Baltimore,240.16333333333333
2015,Baltimore,240.59033333333332
2016,Baltimore,243.83533333333335
2017,Baltimore,248.7232857142857
2018,Baltimore,253.64916666666667
2019,Baltimore,257.1595
2020,Baltimore,259.634
2021,Baltimore,267.279
1915,Boston,10.7
1916,Boston,12.1
1917,Boston,14.2
1918,Boston,17.3
1919,Boston,18.45
1920,Boston,20.85
1921,Boston,17.933333333333334
1922,Boston,16.975
1923,Boston,17.400000000000002
1924,Boston,17.4
1925,Boston,18.0
1926,Boston,18.15
1927,Boston,18.0
1928,Boston,17.65
1929,Boston,17.65
1930,Boston,17.15
1931,Boston,15.5
1932,Boston,13.95
1933,Boston,13.65
1934,Boston,14.149999999999999
1935,Boston,14.333333333333334
1936,Boston,14.4
1937,Boston,14.799999999999999
1938,Boston,14.274999999999999
1939,Boston,14.125
1940,Boston,14.283333333333333
1941,Boston,14.908333333333337
1942,Boston,16.5
1943,Boston,17.366666666666664
1944,Boston,17.558333333333337
1945,Boston,17.916666666666668
1946,Boston,19.38333333333333
1947,Boston,22.066666666666663
1948,Boston,23.88333333333333
1949,Boston,23.591666666666665
1950,Boston,23.900000000000002
1951,Boston,25.500000000000004
1952,Boston,26.058333333333334
1953,Boston,26.125
1954,Boston,26.225
1955,Boston,26.35
1956,Boston,27.075000000000003
1957,Boston,28.025
1958,Boston,28.924999999999997
1959,Boston,29.15
1960,Boston,29.7
1961,Boston,30.15
1962,Boston,30.8
1963,Boston,31.425
1964,Boston,31.85
1965,Boston,32.45
1966,Boston,33.45
1967,Boston,34.324999999999996
1968,Boston,35.675
1969,Boston,37.65
1970,Boston,39.949999999999996
1971,Boston,42.075
1972,Boston,43.575
1973,Boston,46.0
1974,Boston,50.75
1975,Boston,55.325
1976,Boston,59.824999999999996
1977,Boston,62.875
1978,Boston,66.23333333333333
1979,Boston,72.89999999999999
1980,Boston,82.15
1981,Boston,91.48333333333333
1982,Boston,95.39999999999999
1983,Boston,99.61666666666667
1984,Boston,104.51666666666667
1985,Boston,109.15000000000002
1986,Boston,112.13333333333333
1987,Boston,116.91666666666667
1988,Boston,123.78333333333335
1989,Boston,131.0
1990,Boston,138.58333333333334
1991,Boston,144.86666666666667
1992,Boston,148.4
1993,Boston,152.81666666666666
1994,Boston,154.75
1995,Boston,158.46666666666667
1996,Boston,163.10000000000002
1997,Boston,167.79999999999998
1998,Boston,171.58333333333334
1999,Boston,175.73333333333332
2000,Boston,183.26666666666668
2001,Boston,191.38333333333333
2002,Boston,196.26666666666668
2003,Boston,203.5333333333333
2004,Boston,209.36666666666667
2005,Boston,216.0
2006,Boston,222.9
2007,Boston,227.09566666666663
2008,Boston,235.4231666666667
2009,Boston,233.5091666666667
2010,Boston,237.3406666666667
2011,Boston,243.62850000000003
2012,Boston,247.56366666666668
2013,Boston,251.00716666666668
2014,Boston,255.125
2015,Boston,256.7428333333333
2016,Boston,260.282
2017,Boston,266.921
2018,Boston,275.53083333333336
2019,Boston,281.06300000000005
2020,Boston,284.0888333333333
2021,Boston,291.5034
1915,Chicago,10.2
1916,Chicago,11.6
1917,Chicago,13.5
1918,Chicago,16.3
1919,Chicago,17.75
1920,Chicago,19.85
1921,Chicago,17.73333333333333
1922,Chicago,17.0
1923,Chicago,17.475
1924,Chicago,17.75
1925,Chicago,18.4
1926,Chicago,18.3
1927,Chicago,18.05
1928,Chicago,17.65
1929,Chicago,17.65
1930,Chicago,17.0
1931,Chicago,15.25
1932,Chicago,13.25
1933,Chicago,12.55
1934,Chicago,12.75
1935,Chicago,13.366666666666667
1936,Chicago,13.560000000000002
1937,Chicago,14.174999999999999
1938,Chicago,13.924999999999999
1939,Chicago,13.7
1940,Chicago,13.816666666666668
1941,Chicago,14.516666666666667
1942,Chicago,15.958333333333334
1943,Chicago,16.85
1944,Chicago,17.108333333333338
1945,Chicago,17.475
1946,Chicago,19.033333333333335
1947,Chicago,22.108333333333334
1948,Chicago,24.03333333333333
1949,Chicago,24.00833333333333
1950,Chicago,24.25
1951,Chicago,26.158333333333328
1952,Chicago,26.725000000000005
1953,Chicago,26.958333333333332
1954,Chicago,27.35833333333333
1955,Chicago,27.541666666666668
1956,Chicago,27.925
1957,Chicago,28.83333333333333
1958,Chicago,29.708333333333332
1959,Chicago,29.95
1960,Chicago,30.36666666666667
1961,Chicago,30.516666666666666
1962,Chicago,30.83333333333334
1963,Chicago,31.14166666666667
1964,Chicago,31.26666666666667
1965,Chicago,31.683333333333326
1966,Chicago,32.633333333333326
1967,Chicago,33.48333333333334
1968,Chicago,34.9
1969,Chicago,36.80833333333333
1970,Chicago,38.91666666666667
1971,Chicago,40.449999999999996
1972,Chicago,41.599999999999994
1973,Chicago,44.208333333333336
1974,Chicago,48.88333333333333
1975,Chicago,52.74166666666667
1976,Chicago,55.26666666666667
1977,Chicago,58.741666666666674
1978,Chicago,63.850000000000016
1979,Chicago,71.81666666666665
1980,Chicago,82.175
1981,Chicago,90.04166666666667
1982,Chicago,96.18333333333334
1983,Chicago,100.01666666666667
1984,Chicago,103.79166666666667
1985,Chicago,107.70833333333333
1986,Chicago,109.95833333333333
1987,Chicago,114.49166666666667
1988,Chicago,118.96666666666665
1989,Chicago,124.98333333333333
1990,Chicago,131.70000000000002
1991,Chicago,137.04166666666666
1992,Chicago,141.05833333333334
1993,Chicago,145.40833333333333
1994,Chicago,148.59166666666664
1995,Chicago,153.31666666666663
1996,Chicago,157.41666666666666
1997,Chicago,161.725
1998,Chicago,164.98333333333332
1999,Chicago,168.4
2000,Chicago,173.80833333333337
2001,Chicago,178.33333333333334
2002,Chicago,181.17500000000004
2003,Chicago,184.50833333333333
2004,Chicago,188.63333333333333
2005,Chicago,194.34166666666667
2006,Chicago,198.32500000000002
2007,Chicago,204.81758333333332
2008,Chicago,212.53558333333334
2009,Chicago,209.99508333333333
2010,Chicago,212.87041666666667
2011,Chicago,218.6841666666667
2012,Chicago,222.00475000000003
2013,Chicago,224.5451666666667
2014,Chicago,228.46775000000002
2015,Chicago,227.79233333333332
2016,Chicago,229.30174999999997
2017,Chicago,233.6113333333333
2018,Chicago,237.70624999999998
2019,Chicago,241.18066666666664
2020,Chicago,243.87275000000002
2021,Chicago,253.0287
2000,Columbus,107.59999999999998
2001,Columbus,110.29999999999997
2002,Columbus,110.90000000000002
2003,Columbus,113.20000000000003
2004,Columbus,116.20000000000003
2005,Columbus,120.09999999999998
2006,Columbus,123.09999999999998
2007,Columbus,126.45800000000001
2008,Columbus,131.45900000000003
2009,Columbus,130.71499999999997
2010,Columbus,133.68900000000002
2011,Columbus,138.078
2012,Columbus,140.95699999999997
2013,Columbus,142.71599999999998
2014,Columbus,145.087
2015,Columbus,144.24
2016,Columbus,145.22700000000003
2017,Columbus,147.308
2018,Columbus,149.721
2019,Columbus,151.924
2020,Columbus,153.28
2021,Columbus,161.12372727272722
1963,Dallas,29.5
1964,Dallas,29.550000000000004
1965,Dallas,29.9
1966,Dallas,30.975
1967,Dallas,31.900000000000006
1968,Dallas,33.3
1969,Dallas,35.45
1970,Dallas,37.55
1971,Dallas,38.675
1972,Dallas,39.8
1973,Dallas,42.025000000000006
1974,Dallas,46.325
1975,Dallas,50.449999999999996
1976,Dallas,53.45
1977,Dallas,57.45
1978,Dallas,62.06666666666667
1979,Dallas,70.10000000000001
1980,Dallas,81.91666666666667
1981,Dallas,91.16666666666667
1982,Dallas,96.16666666666667
1983,Dallas,99.83333333333333
1984,Dallas,104.48333333333333
1985,Dallas,108.40000000000002
1986,Dallas,109.88333333333333
1987,Dallas,113.05000000000001
1988,Dallas,116.21666666666665
1989,Dallas,119.68333333333334
1990,Dallas,125.46666666666668
1991,Dallas,130.95000000000002
1992,Dallas,134.03333333333333
1993,Dallas,137.51666666666668
1994,Dallas,141.30000000000004
1995,Dallas,145.01666666666665
1996,Dallas,149.04999999999998
1997,Dallas,151.53333333333333
1998,Dallas,153.46666666666667
1999,Dallas,157.79999999999998
2000,Dallas,164.43333333333334
2001,Dallas,170.23333333333332
2002,Dallas,172.54999999999998
2003,Dallas,176.1833333333333
2004,Dallas,178.53333333333333
2005,Dallas,184.29999999999998
2006,Dallas,190.04999999999998
2007,Dallas,192.9038333333333
2008,Dallas,201.72983333333332
2009,Dallas,200.39933333333332
2010,Dallas,201.57883333333334
2011,Dallas,207.68333333333337
2012,Dallas,212.04133333333334
2013,Dallas,215.888
2014,Dallas,218.45116666666664
2015,Dallas,217.35950000000003
2016,Dallas,220.40783333333334
2017,Dallas,226.0248333333333
2018,Dallas,232.67633333333333
2019,Dallas,237.5615
2020,Dallas,239.03449999999998
2021,Dallas,249.80100000000002
1984,Denver,104.3
1985,Denver,107.1
1986,Denver,107.9
1987,Denver,110.8
1988,Denver,113.7
1989,Denver,115.8
1990,Denver,120.9
1991,Denver,125.6
1992,Denver,130.3
1993,Denver,135.8
1994,Denver,141.8
1995,Denver,147.9
1996,Denver,153.1
1997,Denver,158.1
1998,Denver,161.9
1999,Denver,166.6
2000,Denver,173.2
2001,Denver,181.3
2002,Denver,184.8
2003,Denver,186.8
2004,Denver,187.0
2005,Denver,190.9
2006,Denver,197.7
2007,Denver,202.029
2008,Denver,209.903
2009,Denver,208.548
2010,Denver,212.447
2011,Denver,220.288
2012,Denver,224.568
2013,Denver,230.791
2014,Denver,237.2
2015,Denver,239.99
2016,Denver,246.643
2017,Denver,254.995
2018,Denver,261.958
2019,Denver,266.999
2020,Denver,272.207
2021,Denver,281.845
1915,Detroit,10.1
1916,Detroit,11.7
1917,Detroit,14.3
1918,Detroit,17.0
1919,Detroit,18.85
1920,Detroit,22.049999999999997
1921,Detroit,18.466666666666665
1922,Detroit,17.375
1923,Detroit,18.075
1924,Detroit,18.0
1925,Detroit,18.450000000000003
1926,Detroit,18.299999999999997
1927,Detroit,17.95
1928,Detroit,17.4
1929,Detroit,17.55
1930,Detroit,16.55
1931,Detroit,14.350000000000001
1932,Detroit,12.5
1933,Detroit,12.0
1934,Detroit,12.8
1935,Detroit,13.366666666666667
1936,Detroit,13.86
1937,Detroit,14.775
1938,Detroit,14.4
1939,Detroit,14.0
1940,Detroit,14.133333333333333
1941,Detroit,15.0
1942,Detroit,16.65833333333333
1943,Detroit,17.566666666666666
1944,Detroit,17.799999999999997
1945,Detroit,18.275
1946,Detroit,19.866666666666664
1947,Detroit,22.641666666666666
1948,Detroit,24.46666666666667
1949,Detroit,24.150000000000002
1950,Detroit,24.549999999999997
1951,Detroit,26.474999999999998
1952,Detroit,27.141666666666666
1953,Detroit,27.625
1954,Detroit,27.724999999999998
1955,Detroit,27.675
1956,Detroit,28.191666666666666
1957,Detroit,29.016666666666666
1958,Detroit,29.416666666666668
1959,Detroit,29.408333333333335
1960,Detroit,29.649999999999995
1961,Detroit,29.816666666666666
1962,Detroit,29.90833333333333
1963,Detroit,30.200000000000003
1964,Detroit,30.45
1965,Detroit,31.150000000000002
1966,Detroit,32.53333333333333
1967,Detroit,33.625
1968,Detroit,35.074999999999996
1969,Detroit,37.208333333333336
1970,Detroit,39.50833333333333
1971,Detroit,40.949999999999996
1972,Detroit,42.46666666666667
1973,Detroit,45.23333333333334
1974,Detroit,50.13333333333333
1975,Detroit,53.86666666666667
1976,Detroit,56.791666666666664
1977,Detroit,60.69166666666666
1978,Detroit,65.3
1979,Detroit,73.60000000000001
1980,Detroit,85.3
1981,Detroit,93.21666666666668
1982,Detroit,96.99166666666667
1983,Detroit,99.75833333333334
1984,Detroit,103.25
1985,Detroit,106.84166666666665
1986,Detroit,108.33333333333333
1987,Detroit,111.90000000000002
1988,Detroit,116.33333333333333
1989,Detroit,122.51666666666667
1990,Detroit,128.85
1991,Detroit,133.20000000000002
1992,Detroit,136.01666666666668
1993,Detroit,139.6833333333333
1994,Detroit,144.26666666666665
1995,Detroit,148.76666666666668
1996,Detroit,152.71666666666667
1997,Detroit,156.38333333333333
1998,Detroit,159.95000000000002
1999,Detroit,164.13333333333333
2000,Detroit,170.03333333333333
2001,Detroit,174.48333333333335
2002,Detroit,179.20000000000002
2003,Detroit,182.60000000000002
2004,Detroit,185.60000000000002
2005,Detroit,191.15
2006,Detroit,196.73333333333335
2007,Detroit,200.28883333333332
2008,Detroit,204.66083333333333
2009,Detroit,203.74250000000004
2010,Detroit,205.18983333333335
2011,Detroit,212.05849999999998
2012,Detroit,216.2108333333333
2013,Detroit,219.55100000000002
2014,Detroit,221.77983333333336
2015,Detroit,218.841
2016,Detroit,222.49833333333336
2017,Detroit,227.07583333333332
2018,Detroit,232.3741666666666
2019,Detroit,235.70299999999997
2020,Detroit,237.74466666666663
2021,Detroit,247.44159999999997
1915,Houston,9.5
1916,Houston,10.9
1917,Houston,13.2
1918,Houston,15.9
1919,Houston,17.45
1920,Houston,19.299999999999997
1921,Houston,16.633333333333333
1922,Houston,15.825000000000001
1923,Houston,15.925
1924,Houston,15.825
1925,Houston,16.25
1926,Houston,16.0
1927,Houston,15.75
1928,Houston,15.55
1929,Houston,15.7
1930,Houston,15.05
1931,Houston,13.600000000000001
1932,Houston,12.0
1933,Houston,11.85
1934,Houston,12.399999999999999
1935,Houston,12.699999999999998
1936,Houston,12.86
1937,Houston,13.399999999999999
1938,Houston,13.274999999999999
1939,Houston,13.175
1940,Houston,13.250000000000002
1941,Houston,13.800000000000002
1942,Houston,15.241666666666665
1943,Houston,16.05
1944,Houston,16.2
1945,Houston,16.541666666666668
1946,Houston,17.849999999999998
1947,Houston,20.98333333333333
1948,Houston,22.733333333333334
1949,Houston,22.666666666666668
1950,Houston,23.349999999999998
1951,Houston,25.216666666666665
1952,Houston,25.525000000000002
1953,Houston,25.8
1954,Houston,25.825000000000003
1955,Houston,25.6
1956,Houston,26.05
1957,Houston,26.900000000000002
1958,Houston,27.35
1959,Houston,27.525
1960,Houston,27.849999999999998
1961,Houston,27.95
1962,Houston,28.5
1963,Houston,28.775
1964,Houston,29.175
1965,Houston,29.525000000000002
1966,Houston,30.3
1967,Houston,31.099999999999998
1968,Houston,32.35
1969,Houston,34.45
1970,Houston,36.275
1971,Houston,37.625
1972,Houston,38.925000000000004
1973,Houston,40.975
1974,Houston,45.550000000000004
1975,Houston,51.099999999999994
1976,Houston,54.974999999999994
1977,Houston,58.95
1978,Houston,65.11666666666667
1979,Houston,73.83333333333333
1980,Houston,83.08333333333333
1981,Houston,91.36666666666667
1982,Houston,97.55
1983,Houston,99.98333333333333
1984,Houston,102.85000000000001
1985,Houston,104.91666666666667
1986,Houston,103.83333333333333
1987,Houston,106.64999999999999
1988,Houston,109.71666666666668
1989,Houston,114.2666666666667
1990,Houston,120.86666666666667
1991,Houston,125.3
1992,Houston,129.1833333333333
1993,Houston,133.75
1994,Houston,137.91666666666666
1995,Houston,139.96666666666667
1996,Houston,142.83333333333334
1997,Houston,145.46666666666667
1998,Houston,146.8
1999,Houston,148.93333333333334
2000,Houston,154.45
2001,Houston,158.8
2002,Houston,159.36666666666665
2003,Houston,163.88333333333333
2004,Houston,169.73333333333335
2005,Houston,175.94999999999996
2006,Houston,180.71666666666667
2007,Houston,184.13233333333335
2008,Houston,189.95666666666668
2009,Houston,190.70416666666665
2010,Houston,194.32016666666667
2011,Houston,200.74616666666665
2012,Houston,204.29716666666664
2013,Houston,207.88016666666667
2014,Houston,213.46400000000003
2015,Houston,213.12916666666663
2016,Houston,216.6438333333333
2017,Houston,220.95900000000003
2018,Houston,226.359
2019,Houston,228.93500000000003
2020,Houston,229.11383333333333
2021,Houston,238.6642
2000,Indianapolis,107.59999999999998
2001,Indianapolis,110.29999999999997
2002,Indianapolis,110.90000000000002
2003,Indianapolis,113.20000000000003
2004,Indianapolis,116.20000000000003
2005,Indianapolis,120.09999999999998
2006,Indianapolis,123.09999999999998
2007,Indianapolis,126.45800000000001
2008,Indianapolis,131.45900000000003
2009,Indianapolis,130.71499999999997
2010,Indianapolis,133.68900000000002
2011,Indianapolis,138.078
2012,Indianapolis,140.95699999999997
2013,Indianapolis,142.71599999999998
2014,Indianapolis,145.087
2015,Indianapolis,144.24
2016,Indianapolis,145.22700000000003
2017,Indianapolis,147.308
2018,Indianapolis,149.721
2019,Indianapolis,151.924
2020,Indianapolis,153.28
2021,Indianapolis,161.12372727272722
2000,Jacksonville,107.40000000000002
2001,Jacksonville,109.59999999999998
2002,Jacksonville,110.79999999999997
2003,Jacksonville,113.09999999999998
2004,Jacksonville,116.20000000000003
2005,Jacksonville,120.0
2006,Jacksonville,123.90000000000002
2007,Jacksonville,127.42200000000001
2008,Jacksonville,132.616
2009,Jacksonville,132.07400000000004
2010,Jacksonville,134.40699999999998
2011,Jacksonville,139.20000000000002
2012,Jacksonville,142.068
2013,Jacksonville,144.318
2014,Jacksonville,146.549
2015,Jacksonville,145.92599999999996
2016,Jacksonville,147.31099999999998
2017,Jacksonville,150.33400000000003
2018,Jacksonville,153.44700000000003
2019,Jacksonville,155.489
2020,Jacksonville,157.077
2021,Jacksonville,164.91218181818178
2000,LosAngeles,171.54999999999998
2001,LosAngeles,177.3166666666667
2002,LosAngeles,182.23333333333332
2003,LosAngeles,186.95833333333334
2004,LosAngeles,193.20000000000002
2005,LosAngeles,201.83333333333334
2006,LosAngeles,210.4416666666667
2007,LosAngeles,217.3375833333333
2008,LosAngeles,225.00758333333337
2009,LosAngeles,223.21849999999998
2010,LosAngeles,225.89416666666668
2011,LosAngeles,231.92841666666666
2012,LosAngeles,236.64766666666662
2013,LosAngeles,239.207
2014,LosAngeles,242.43408333333335
2015,LosAngeles,244.63208333333338
2016,LosAngeles,249.24608333333336
2017,LosAngeles,256.21025000000003
2018,LosAngeles,265.96225
2019,LosAngeles,274.11441666666667
2020,LosAngeles,278.56725
2021,LosAngeles,286.8056666666667
1977,Miami,62.0
1978,Miami,64.58333333333333
1979,Miami,70.85000000000001
1980,Miami,80.8
1981,Miami,90.00000000000001
1982,Miami,96.56666666666666
1983,Miami,99.68333333333334
1984,Miami,103.41666666666667
1985,Miami,106.33333333333333
1986,Miami,107.88333333333333
1987,Miami,111.66666666666667
1988,Miami,116.61666666666666
1989,Miami,121.36666666666666
1990,Miami,127.68333333333334
1991,Miami,132.18333333333334
1992,Miami,134.36666666666667
1993,Miami,139.0
1994,Miami,143.36666666666667
1995,Miami,148.66666666666666
1996,Miami,153.4
1997,Miami,158.52857142857144
1998,Miami,160.60000000000002
1999,Miami,162.6
2000,Miami,168.04999999999998
2001,Miami,173.16666666666666
2002,Miami,175.75
2003,Miami,180.73333333333335
2004,Miami,185.85
2005,Miami,194.70000000000002
2006,Miami,204.26666666666668
2007,Miami,212.88633333333334
2008,Miami,222.16350000000003
2009,Miami,221.57983333333334
2010,Miami,223.1435
2011,Miami,231.13916666666668
2012,Miami,235.34249999999997
2013,Miami,238.36266666666666
2014,Miami,243.2831666666667
2015,Miami,245.74283333333332
2016,Miami,250.25633333333334
2017,Miami,256.72066666666666
2018,Miami,265.622
2019,Miami,270.0725
2020,Miami,272.3635
2021,Miami,283.2602
1984,Minneapolis,103.1
1985,Minneapolis,107.0
1986,Minneapolis,108.4
1987,Minneapolis,111.6
1988,Minneapolis,117.2
1989,Minneapolis,122.0
1990,Minneapolis,127.0
1991,Minneapolis,130.4
1992,Minneapolis,135.0
1993,Minneapolis,139.2
1994,Minneapolis,143.6
1995,Minneapolis,147.0
1996,Minneapolis,151.9
1997,Minneapolis,155.4
1998,Minneapolis,158.3
1999,Minneapolis,163.3
2000,Minneapolis,170.1
2001,Minneapolis,176.5
2002,Minneapolis,179.6
2003,Minneapolis,182.7
2004,Minneapolis,187.9
2005,Minneapolis,193.1
2006,Minneapolis,196.2
2007,Minneapolis,201.247
2008,Minneapolis,208.958
2009,Minneapolis,207.889
2010,Minneapolis,211.728
2011,Minneapolis,219.339
2012,Minneapolis,224.459
2013,Minneapolis,228.811
2014,Minneapolis,232.013
2015,Minneapolis,230.567
2016,Minneapolis,234.145
2017,Minneapolis,239.239
2018,Minneapolis,244.969
2019,Minneapolis,250.106
2020,Minneapolis,252.997
1915,NewYork,10.1
1916,NewYork,11.3
1917,NewYork,13.8
1918,NewYork,16.8
1919,NewYork,18.200000000000003
1920,NewYork,20.2
1921,NewYork,17.866666666666667
1922,NewYork,17.200000000000003
1923,NewYork,17.525000000000002
1924,NewYork,17.474999999999998
1925,NewYork,18.1
1926,NewYork,18.1
1927,NewYork,18.05
1928,NewYork,17.75
1929,NewYork,17.85
1930,NewYork,17.2
1931,NewYork,15.7
1932,NewYork,14.45
1933,NewYork,13.85
1934,NewYork,14.350000000000001
1935,NewYork,14.366666666666667
1936,NewYork,14.540000000000001
1937,NewYork,14.95
1938,NewYork,14.55
1939,NewYork,14.55
1940,NewYork,14.700000000000001
1941,NewYork,15.25
1942,NewYork,16.716666666666665
1943,NewYork,17.966666666666665
1944,NewYork,18.4
1945,NewYork,18.825
1946,NewYork,20.683333333333334
1947,NewYork,23.166666666666668
1948,NewYork,24.741666666666664
1949,NewYork,24.466666666666665
1950,NewYork,24.608333333333334
1951,NewYork,26.441666666666666
1952,NewYork,26.899999999999995
1953,NewYork,27.041666666666668
1954,NewYork,27.208333333333332
1955,NewYork,27.083333333333332
1956,NewYork,27.483333333333338
1957,NewYork,28.358333333333334
1958,NewYork,29.20833333333333
1959,NewYork,29.649999999999995
1960,NewYork,30.191666666666666
1961,NewYork,30.45833333333333
1962,NewYork,30.925
1963,NewYork,31.600000000000005
1964,NewYork,32.09166666666666
1965,NewYork,32.608333333333334
1966,NewYork,33.708333333333336
1967,NewYork,34.583333333333336
1968,NewYork,36.07500000000001
1969,NewYork,38.30833333333333
1970,NewYork,41.14999999999999
1971,NewYork,43.53333333333334
1972,NewYork,45.45000000000001
1973,NewYork,48.34166666666667
1974,NewYork,53.541666666666664
1975,NewYork,57.60833333333334
1976,NewYork,60.991666666666674
1977,NewYork,64.16666666666666
1978,NewYork,67.85000000000001
1979,NewYork,73.72500000000001
1980,NewYork,82.05
1981,NewYork,90.12499999999999
1982,NewYork,95.33333333333336
1983,NewYork,99.83333333333333
1984,NewYork,104.83333333333333
1985,NewYork,108.70833333333333
1986,NewYork,112.27499999999999
1987,NewYork,117.94999999999999
1988,NewYork,123.68333333333334
1989,NewYork,130.55833333333334
1990,NewYork,138.54166666666666
1991,NewYork,144.8
1992,NewYork,150.025
1993,NewYork,154.5083333333333
1994,NewYork,158.18333333333334
1995,NewYork,162.15833333333333
1996,NewYork,166.925
1997,NewYork,170.8166666666667
1998,NewYork,173.60833333333332
1999,NewYork,176.98333333333332
2000,NewYork,182.48333333333335
2001,NewYork,187.13333333333335
2002,NewYork,191.89999999999998
2003,NewYork,197.79166666666666
2004,NewYork,204.76666666666665
2005,NewYork,212.70833333333334
2006,NewYork,220.74166666666667
2007,NewYork,226.9400833333333
2008,NewYork,235.78241666666665
2009,NewYork,236.82458333333332
2010,NewYork,240.86416666666665
2011,NewYork,247.71758333333332
2012,NewYork,252.58833333333337
2013,NewYork,256.8330833333333
2014,NewYork,260.2295833333334
2015,NewYork,260.5581666666667
2016,NewYork,263.36491666666666
2017,NewYork,268.52041666666656
2018,NewYork,273.64050000000003
2019,NewYork,278.1641666666667
2020,NewYork,282.9195833333334
2021,NewYork,291.3276
1915,Philadelphia,10.3
1916,Philadelphia,11.6
1917,Philadelphia,14.1
1918,Philadelphia,17.0
1919,Philadelphia,18.35
1920,Philadelphia,20.6
1921,Philadelphia,17.9
1922,Philadelphia,17.2
1923,Philadelphia,17.625
1924,Philadelphia,17.725
1925,Philadelphia,18.65
1926,Philadelphia,18.75
1927,Philadelphia,18.4
1928,Philadelphia,17.950000000000003
1929,Philadelphia,17.85
1930,Philadelphia,17.15
1931,Philadelphia,15.600000000000001
1932,Philadelphia,13.85
1933,Philadelphia,13.5
1934,Philadelphia,14.149999999999999
1935,Philadelphia,14.266666666666666
1936,Philadelphia,14.52
1937,Philadelphia,14.875
1938,Philadelphia,14.5
1939,Philadelphia,14.3
1940,Philadelphia,14.333333333333334
1941,Philadelphia,15.04166666666667
1942,Philadelphia,16.733333333333334
1943,Philadelphia,17.8
1944,Philadelphia,18.041666666666668
1945,Philadelphia,18.525000000000002
1946,Philadelphia,20.10833333333333
1947,Philadelphia,23.008333333333336
1948,Philadelphia,24.833333333333332
1949,Philadelphia,24.541666666666668
1950,Philadelphia,24.691666666666666
1951,Philadelphia,26.974999999999998
1952,Philadelphia,27.49166666666667
1953,Philadelphia,27.625
1954,Philadelphia,27.908333333333335
1955,Philadelphia,27.849999999999998
1956,Philadelphia,28.23333333333333
1957,Philadelphia,29.141666666666662
1958,Philadelphia,29.716666666666665
1959,Philadelphia,30.05
1960,Philadelphia,30.583333333333332
1961,Philadelphia,30.925
1962,Philadelphia,31.200000000000003
1963,Philadelphia,31.758333333333336
1964,Philadelphia,32.25833333333333
1965,Philadelphia,32.75833333333334
1966,Philadelphia,33.7
1967,Philadelphia,34.61666666666667
1968,Philadelphia,36.275
1969,Philadelphia,38.2
1970,Philadelphia,40.76666666666667
1971,Philadelphia,42.758333333333326
1972,Philadelphia,43.94166666666667
1973,Philadelphia,46.900000000000006
1974,Philadelphia,52.46666666666667
1975,Philadelphia,56.83333333333334
1976,Philadelphia,59.64166666666667
1977,Philadelphia,63.53333333333333
1978,Philadelphia,67.24166666666666
1979,Philadelphia,73.925
1980,Philadelphia,83.575
1981,Philadelphia,92.08333333333333
1982,Philadelphia,96.55833333333334
1983,Philadelphia,99.375
1984,Philadelphia,104.04166666666667
1985,Philadelphia,108.76666666666667
1986,Philadelphia,111.46666666666668
1987,Philadelphia,116.80833333333335
1988,Philadelphia,122.39999999999998
1989,Philadelphia,128.30000000000004
1990,Philadelphia,135.84166666666667
1991,Philadelphia,142.18333333333334
1992,Philadelphia,146.58333333333337
1993,Philadelphia,150.23333333333332
1994,Philadelphia,154.64166666666668
1995,Philadelphia,158.69166666666666
1996,Philadelphia,162.84166666666667
1997,Philadelphia,166.45
1998,Philadelphia,168.33333333333334
1999,Philadelphia,172.03333333333333
2000,Philadelphia,176.6833333333333
2001,Philadelphia,181.38333333333333
2002,Philadelphia,185.13333333333335
2003,Philadelphia,188.98333333333332
2004,Philadelphia,196.88333333333335
2005,Philadelphia,204.5333333333333
2006,Philadelphia,212.35
2007,Philadelphia,217.05383333333336
2008,Philadelphia,224.10016666666664
2009,Philadelphia,223.56399999999996
2010,Philadelphia,227.84916666666666
2011,Philadelphia,234.07199999999997
2012,Philadelphia,238.27166666666665
2013,Philadelphia,241.02066666666667
2014,Philadelphia,244.1146666666667
2015,Philadelphia,243.73133333333337
2016,Philadelphia,245.55683333333334
2017,Philadelphia,248.4935
2018,Philadelphia,251.846
2019,Philadelphia,256.91533333333336
2020,Philadelphia,258.9941666666667
2021,Philadelphia,268.9424
2002,Phoenix,101.2
2003,Phoenix,103.3
2004,Phoenix,105.2
2005,Phoenix,108.3
2006,Phoenix,111.5
2007,Phoenix,115.284
2008,Phoenix,119.264
2009,Phoenix,117.568
2010,Phoenix,118.227
2011,Phoenix,121.483
2012,Phoenix,124.197
2013,Phoenix,125.782
2014,Phoenix,127.823
2015,Phoenix,128.019
2016,Phoenix,130.107
2017,Phoenix,133.324
2018,Phoenix,138.875
2019,Phoenix,142.92
2020,Phoenix,145.724
2021,Phoenix,153.032
2000,SanAntonio,107.40000000000002
2001,SanAntonio,109.59999999999998
2002,SanAntonio,110.79999999999997
2003,SanAntonio,113.09999999999998
2004,SanAntonio,116.20000000000003
2005,SanAntonio,120.0
2006,SanAntonio,123.90000000000002
2007,SanAntonio,127.42200000000001
2008,SanAntonio,132.616
2009,SanAntonio,132.07400000000004
2010,SanAntonio,134.40699999999998
2011,SanAntonio,139.20000000000002
2012,SanAntonio,142.068
2013,SanAntonio,144.318
2014,SanAntonio,146.549
2015,SanAntonio,145.92599999999996
2016,SanAntonio,147.31099999999998
2017,SanAntonio,150.33400000000003
2018,SanAntonio,153.44700000000003
2019,SanAntonio,155.489
2020,SanAntonio,157.077
2021,SanAntonio,164.91218181818178
1984,SanDiego,104.8
1985,SanDiego,110.4
1986,SanDiego,113.5
1987,SanDiego,117.5
1988,SanDiego,123.4
1989,SanDiego,130.6
1990,SanDiego,138.4
1991,SanDiego,143.4
1992,SanDiego,147.4
1993,SanDiego,150.6
1994,SanDiego,154.5
1995,SanDiego,156.8
1996,SanDiego,160.9
1997,SanDiego,163.7
1998,SanDiego,166.9
1999,SanDiego,172.8
2000,SanDiego,182.8
2001,SanDiego,191.2
2002,SanDiego,197.9
2003,SanDiego,205.3
2004,SanDiego,212.8
2005,SanDiego,220.6
2006,SanDiego,228.1
2007,SanDiego,233.321
2008,SanDiego,242.313
2009,SanDiego,242.27
2010,SanDiego,245.464
2011,SanDiego,252.91
2012,SanDiego,256.961
2013,SanDiego,260.317
2014,SanDiego,265.145
2015,SanDiego,269.436
2016,SanDiego,274.732
2017,SanDiego,283.012
2018,SanDiego,292.547
2019,SanDiego,299.433
2020,SanDiego,303.932
2021,SanDiego,319.761
1915,SanFrancisco,9.2
1916,SanFrancisco,10.0
1917,SanFrancisco,11.6
1918,SanFrancisco,14.1
1919,SanFrancisco,15.5
1920,SanFrancisco,17.0
1921,SanFrancisco,15.066666666666668
1922,SanFrancisco,14.600000000000001
1923,SanFrancisco,14.7
1924,SanFrancisco,14.675
1925,SanFrancisco,15.2
1926,SanFrancisco,15.0
1927,SanFrancisco,14.95
1928,SanFrancisco,14.9
1929,SanFrancisco,14.850000000000001
1930,SanFrancisco,14.35
1931,SanFrancisco,13.100000000000001
1932,SanFrancisco,12.1
1933,SanFrancisco,11.899999999999999
1934,SanFrancisco,12.35
1935,SanFrancisco,12.4
1936,SanFrancisco,12.360000000000001
1937,SanFrancisco,12.875
1938,SanFrancisco,12.8
1939,SanFrancisco,12.649999999999999
1940,SanFrancisco,12.716666666666669
1941,SanFrancisco,13.35
1942,SanFrancisco,14.958333333333336
1943,SanFrancisco,15.949999999999998
1944,SanFrancisco,16.35833333333333
1945,SanFrancisco,16.816666666666666
1946,SanFrancisco,18.150000000000002
1947,SanFrancisco,20.45
1948,SanFrancisco,22.125
1949,SanFrancisco,21.924999999999997
1950,SanFrancisco,22.125
1951,SanFrancisco,23.875
1952,SanFrancisco,24.674999999999997
1953,SanFrancisco,25.075000000000003
1954,SanFrancisco,25.025
1955,SanFrancisco,24.9
1956,SanFrancisco,25.574999999999996
1957,SanFrancisco,26.55
1958,SanFrancisco,27.525000000000002
1959,SanFrancisco,28.075
1960,SanFrancisco,28.599999999999998
1961,SanFrancisco,28.925
1962,SanFrancisco,29.4
1963,SanFrancisco,29.85
1964,SanFrancisco,30.275
1965,SanFrancisco,30.875000000000004
1966,SanFrancisco,31.674999999999997
1967,SanFrancisco,32.6
1968,SanFrancisco,34.1
1969,SanFrancisco,36.0
1970,SanFrancisco,37.825
1971,SanFrancisco,39.150000000000006
1972,SanFrancisco,40.575
1973,SanFrancisco,43.050000000000004
1974,SanFrancisco,47.45
1975,SanFrancisco,52.05
1976,SanFrancisco,54.849999999999994
1977,SanFrancisco,59.2
1978,SanFrancisco,64.49999999999999
1979,SanFrancisco,70.2
1980,SanFrancisco,80.76666666666667
1981,SanFrancisco,91.25
1982,SanFrancisco,97.58333333333333
1983,SanFrancisco,98.60000000000001
1984,SanFrancisco,104.28333333333332
1985,SanFrancisco,108.48333333333333
1986,SanFrancisco,111.76666666666665
1987,SanFrancisco,115.39166666666667
1988,SanFrancisco,120.50000000000001
1989,SanFrancisco,126.35000000000001
1990,SanFrancisco,132.05
1991,SanFrancisco,137.90833333333333
1992,SanFrancisco,142.5
1993,SanFrancisco,146.34166666666667
1994,SanFrancisco,148.65
1995,SanFrancisco,151.56666666666666
1996,SanFrancisco,155.0666666666667
1997,SanFrancisco,160.38333333333333
1998,SanFrancisco,165.75
1999,SanFrancisco,172.76666666666668
2000,SanFrancisco,180.58333333333334
2001,SanFrancisco,190.20000000000002
2002,SanFrancisco,193.08333333333334
2003,SanFrancisco,196.53333333333333
2004,SanFrancisco,198.98333333333332
2005,SanFrancisco,202.86666666666667
2006,SanFrancisco,209.5333333333333
2007,SanFrancisco,216.38783333333336
2008,SanFrancisco,222.77166666666668
2009,SanFrancisco,224.6338333333333
2010,SanFrancisco,227.61183333333335
2011,SanFrancisco,233.669
2012,SanFrancisco,239.86800000000002
2013,SanFrancisco,245.28116666666665
2014,SanFrancisco,252.2595
2015,SanFrancisco,258.81233333333336
2016,SanFrancisco,266.808
2017,SanFrancisco,275.39933333333335
2018,SanFrancisco,286.33750000000003
2019,SanFrancisco,295.3711666666666
2020,SanFrancisco,300.4436666666667
2021,SanFrancisco,309.54699999999997
2000,SanJose,180.20000000000002
2001,SanJose,189.90000000000006
2002,SanJose,193.0
2003,SanJose,196.40000000000006
2004,SanJose,198.79999999999998
2005,SanJose,202.70000000000002
2006,SanJose,209.19999999999996
2007,SanJose,216.048
2008,SanJose,222.76699999999997
2009,SanJose,224.395
2010,SanJose,227.46900000000002
2011,SanJose,233.3899999999999
2012,SanJose,239.65000000000006
2013,SanJose,245.02300000000002
2014,SanJose,251.9850000000001
2015,SanJose,258.57200000000006
2016,SanJose,266.344
2017,SanJose,274.924
2018,SanJose,285.55000000000007
2019,SanJose,295.00399999999996
2020,SanJose,300.08399999999995
2021,SanJose,309.547
1915,Seattle,9.1
1916,Seattle,9.7
1917,Seattle,11.8
1918,Seattle,15.4
1919,Seattle,17.1
1920,Seattle,18.75
1921,Seattle,16.366666666666664
1922,Seattle,15.575
1923,Seattle,15.450000000000001
1924,Seattle,15.55
1925,Seattle,16.0
1926,Seattle,15.75
1927,Seattle,15.600000000000001
1928,Seattle,15.350000000000001
1929,Seattle,15.5
1930,Seattle,14.95
1931,Seattle,13.65
1932,Seattle,12.35
1933,Seattle,12.05
1934,Seattle,12.3
1935,Seattle,12.566666666666668
1936,Seattle,12.74
1937,Seattle,13.375
1938,Seattle,13.224999999999998
1939,Seattle,13.15
1940,Seattle,13.216666666666669
1941,Seattle,14.008333333333335
1942,Seattle,15.749999999999998
1943,Seattle,16.65
1944,Seattle,16.94166666666667
1945,Seattle,17.316666666666663
1946,Seattle,18.641666666666666
1947,Seattle,20.837500000000002
1948,Seattle,22.85
1949,Seattle,22.75
1950,Seattle,23.0
1951,Seattle,24.875
1952,Seattle,25.525
1953,Seattle,25.75
1954,Seattle,25.775
1955,Seattle,25.925
1956,Seattle,26.224999999999998
1957,Seattle,27.35
1958,Seattle,27.95
1959,Seattle,28.474999999999998
1960,Seattle,28.799999999999997
1961,Seattle,29.299999999999997
1962,Seattle,29.75
1963,Seattle,30.225
1964,Seattle,30.625
1965,Seattle,30.949999999999996
1966,Seattle,31.875
1967,Seattle,32.8
1968,Seattle,34.15
1969,Seattle,35.8
1970,Seattle,37.400000000000006
1971,Seattle,38.175
1972,Seattle,39.275
1973,Seattle,41.800000000000004
1974,Seattle,46.400000000000006
1975,Seattle,51.125
1976,Seattle,53.95
1977,Seattle,58.25
1978,Seattle,63.65
1979,Seattle,70.48333333333333
1980,Seattle,82.3
1981,Seattle,91.35000000000001
1982,Seattle,97.68333333333334
1983,Seattle,99.14999999999999
1984,Seattle,102.84999999999998
1985,Seattle,105.5
1986,Seattle,106.7
1997,Seattle,165.0
1998,Seattle,167.93333333333334
1999,Seattle,173.0
2000,Seattle,179.5
2001,Seattle,185.88333333333333
2002,Seattle,189.5
2003,Seattle,192.39999999999998
2004,Seattle,194.88333333333333
2005,Seattle,200.46666666666667
2006,Seattle,207.98333333333335
2007,Seattle,216.05866666666668
2008,Seattle,224.87199999999999
2009,Seattle,226.15383333333338
2010,Seattle,226.74566666666666
2011,Seattle,233.09733333333335
2012,Seattle,238.79599999999996
2013,Seattle,241.69166666666663
2014,Seattle,246.18616666666665
2015,Seattle,249.59366666666665
2016,Seattle,255.254
2017,Seattle,263.1091666666667
2018,Seattle,271.4096666666666
2019,Seattle,278.18149999999997
2020,Seattle,282.7455
2021,Seattle,293.32375
1984,StLouis,103.30000000000001
1985,StLouis,107.1
1986,StLouis,108.65
1987,StLouis,112.15
1988,StLouis,115.75
1989,StLouis,121.85
1990,StLouis,128.14999999999998
1991,StLouis,132.1
1992,StLouis,134.7
1993,StLouis,137.45
1994,StLouis,141.3
1995,StLouis,145.25
1996,StLouis,149.60000000000002
1997,StLouis,152.89999999999998
1998,StLouis,154.5
1999,StLouis,157.60000000000002
2000,StLouis,163.05
2001,StLouis,167.3
2002,StLouis,169.05
2003,StLouis,173.4
2004,StLouis,180.35
2005,StLouis,186.2
2006,StLouis,189.55
2007,StLouis,193.23149999999998
2008,StLouis,198.7
2009,StLouis,198.472
2010,StLouis,203.187
2011,StLouis,209.776
2012,StLouis,214.76749999999998
2013,StLouis,217.965
2014,StLouis,220.21699999999998
2015,StLouis,219.32150000000001
2016,StLouis,221.0745
2017,StLouis,224.747
2018,StLouis,228.8515
2019,StLouis,231.187
2020,StLouis,232.906
2021,StLouis,245.82
1997,Tampa,134.6
1998,Tampa,137.5
1999,Tampa,140.60000000000002
2000,Tampa,145.64999999999998
2001,Tampa,148.8
2002,Tampa,153.89999999999998
2003,Tampa,158.1
2004,Tampa,162.0
2005,Tampa,168.5
2006,Tampa,175.25
2007,Tampa,184.2875
2008,Tampa,190.136
2009,Tampa,189.905
2010,Tampa,193.50400000000002
2011,Tampa,198.938
2012,Tampa,203.637
2013,Tampa,206.786
2014,Tampa,210.8155
2015,Tampa,211.5565
2016,Tampa,214.037
2017,Tampa,219.4615
2018,Tampa,224.2625
2019,Tampa,228.1345
2020,Tampa,233.8435
2021,Tampa,247.95049999999998
1984,UrbanAlaska,103.30000000000001
1985,UrbanAlaska,105.80000000000001
1986,UrbanAlaska,107.85
1987,UrbanAlaska,108.19999999999999
1988,UrbanAlaska,108.65
1989,UrbanAlaska,111.7
1990,UrbanAlaska,118.65
1991,UrbanAlaska,124.0
1992,UrbanAlaska,128.2
1993,UrbanAlaska,132.15
1994,UrbanAlaska,135.05
1995,UrbanAlaska,138.85
1996,UrbanAlaska,142.75
1997,UrbanAlaska,144.75
1998,UrbanAlaska,146.85
1999,UrbanAlaska,148.45
2000,UrbanAlaska,150.95
2001,UrbanAlaska,155.2
2002,UrbanAlaska,158.25
2003,UrbanAlaska,162.5
2004,UrbanAlaska,166.7
2005,UrbanAlaska,171.85
2006,UrbanAlaska,177.3
2007,UrbanAlaska,181.23700000000002
2008,UrbanAlaska,189.497
2009,UrbanAlaska,191.744
2010,UrbanAlaska,195.1445
2011,UrbanAlaska,201.427
2012,UrbanAlaska,205.916
2013,UrbanAlaska,212.38150000000002
2014,UrbanAlaska,215.805
2015,UrbanAlaska,216.9085
2016,UrbanAlaska,217.8295
2017,UrbanAlaska,218.8735
2018,UrbanAlaska,225.5455
2019,UrbanAlaska,228.6765
2020,UrbanAlaska,226.1535
2021,UrbanAlaska,237.1885
1984,UrbanHawaii,103.5
1985,UrbanHawaii,106.8
1986,UrbanHawaii,109.4
1987,UrbanHawaii,114.9
1988,UrbanHawaii,121.7
1989,UrbanHawaii,128.7
1990,UrbanHawaii,138.1
1991,UrbanHawaii,148.0
1992,UrbanHawaii,155.1
1993,UrbanHawaii,160.1
1994,UrbanHawaii,164.5
1995,UrbanHawaii,168.1
1996,UrbanHawaii,170.7
1997,UrbanHawaii,171.9
1998,UrbanHawaii,171.5
1999,UrbanHawaii,173.3
2000,UrbanHawaii,176.3
2001,UrbanHawaii,178.4
2002,UrbanHawaii,180.3
2003,UrbanHawaii,184.5
2004,UrbanHawaii,190.6
2005,UrbanHawaii,197.8
2006,UrbanHawaii,209.4
2007,UrbanHawaii,219.504
2008,UrbanHawaii,228.861
2009,UrbanHawaii,230.048
2010,UrbanHawaii,234.869
2011,UrbanHawaii,243.622
2012,UrbanHawaii,249.474
2013,UrbanHawaii,253.924
2014,UrbanHawaii,257.589
2015,UrbanHawaii,260.165
2016,UrbanHawaii,265.283
2017,UrbanHawaii,272.014
2018,UrbanHawaii,277.078
2019,UrbanHawaii,281.585
2020,UrbanHawaii,286.008
2021,UrbanHawaii,296.818
2000,WashingtonDC,173.4333333333333
2001,WashingtonDC,178.45000000000002
2002,WashingtonDC,183.48333333333335
2003,WashingtonDC,189.20000000000002
2004,WashingtonDC,194.45000000000002
2005,WashingtonDC,202.1833333333333
2006,WashingtonDC,208.96666666666667
2007,WashingtonDC,215.93983333333335
2008,WashingtonDC,224.8373333333333
2009,WashingtonDC,224.64016666666666
2010,WashingtonDC,229.0205
2011,WashingtonDC,236.73183333333336
2012,WashingtonDC,242.22299999999998
2013,WashingtonDC,245.95483333333334
2014,WashingtonDC,249.77416666666667
2015,WashingtonDC,250.60533333333333
2016,WashingtonDC,253.36366666666666
2017,WashingtonDC,256.10633333333334
2018,WashingtonDC,261.36783333333335
2019,WashingtonDC,264.704
2020,WashingtonDC,267.0543333333333
2021,WashingtonDC,275.7472
