year,MSA,value,metric
2001,Atlanta,0.08922029384722314,cap_rate
2001,Baltimore,0.08787783760752832,cap_rate
2001,Boston,0.0726837583868913,cap_rate
2001,Chicago,0.07899754309096049,cap_rate
2001,Dallas,0.08770259450331097,cap_rate
2001,Denver,0.0881791208791209,cap_rate
2001,Detroit,0.08647861447976493,cap_rate
2001,Houston,0.08325766661749787,cap_rate
2001,LosAngeles,0.07598349372397972,cap_rate
2001,Miami,0.08103271374517967,cap_rate
2001,Minneapolis,0.08380516528775797,cap_rate
2001,NewYork,0.08360510153792095,cap_rate
2001,Philadelphia,0.09293483015223923,cap_rate
2001,Phoenix,0.08570940466795884,cap_rate
2001,SanDiego,0.07330864201342951,cap_rate
2001,SanFrancisco,0.0674799814858144,cap_rate
2001,Seattle,0.0822429615072417,cap_rate
2001,StLouis,0.08360951903938821,cap_rate
2001,Tampa,0.08735809043454958,cap_rate
2001,WashingtonDC,0.0905001854959018,cap_rate
2002,Atlanta,0.08598482740539456,cap_rate
2002,Baltimore,0.0835296926753936,cap_rate
2002,Boston,0.07775773430314563,cap_rate
2002,Chicago,0.08098445396331655,cap_rate
2002,Dallas,0.0903016251511906,cap_rate
2002,Denver,0.08211780361230195,cap_rate
2002,Detroit,0.08430245078963175,cap_rate
2002,Houston,0.08623720848874344,cap_rate
2002,LosAngeles,0.07216801760215275,cap_rate
2002,Miami,0.08264872668526865,cap_rate
2002,Minneapolis,0.08751955864607462,cap_rate
2002,NewYork,0.0761492891602787,cap_rate
2002,Philadelphia,0.09812236859525086,cap_rate
2002,Phoenix,0.08253246268494598,cap_rate
2002,SanDiego,0.07336868018332937,cap_rate
2002,SanFrancisco,0.06289142515331887,cap_rate
2002,Seattle,0.07849155337672177,cap_rate
2002,StLouis,0.08336441584000075,cap_rate
2002,Tampa,0.08601320650230683,cap_rate
2002,WashingtonDC,0.08494940536787297,cap_rate
2003,Atlanta,0.07793711334466033,cap_rate
2003,Baltimore,0.07180249639805637,cap_rate
2003,Boston,0.07088204207501073,cap_rate
2003,Chicago,0.0707487464788152,cap_rate
2003,Dallas,0.0798225218306547,cap_rate
2003,Denver,0.07490528484431577,cap_rate
2003,Detroit,0.08100123551531875,cap_rate
2003,Houston,0.08210074625750069,cap_rate
2003,LosAngeles,0.06743293165256298,cap_rate
2003,Miami,0.0742848023149904,cap_rate
2003,Minneapolis,0.07910280746298456,cap_rate
2003,NewYork,0.06914569565710132,cap_rate
2003,Philadelphia,0.08378930715549053,cap_rate
2003,Phoenix,0.07675924989964421,cap_rate
2003,SanDiego,0.06637157324099716,cap_rate
2003,SanFrancisco,0.06479763097291492,cap_rate
2003,Seattle,0.07114554035427745,cap_rate
2003,StLouis,0.08177789817586564,cap_rate
2003,Tampa,0.08011326382881016,cap_rate
2003,WashingtonDC,0.07434494250387085,cap_rate
2004,Atlanta,0.07070682752748852,cap_rate
2004,Baltimore,0.06719954680752842,cap_rate
2004,Boston,0.06916859200566354,cap_rate
2004,Chicago,0.07002329805516336,cap_rate
2004,Dallas,0.07372301676849316,cap_rate
2004,Denver,0.07101637588903748,cap_rate
2004,Detroit,0.07699901621155393,cap_rate
2004,Houston,0.07725670835357043,cap_rate
2004,LosAngeles,0.06224127974547958,cap_rate
2004,Miami,0.06328540239134661,cap_rate
2004,Minneapolis,0.07697352916927817,cap_rate
2004,NewYork,0.06752736503278448,cap_rate
2004,Philadelphia,0.07674806523762981,cap_rate
2004,Phoenix,0.0687761815483198,cap_rate
2004,SanDiego,0.05984784726823015,cap_rate
2004,SanFrancisco,0.0610454770522014,cap_rate
2004,Seattle,0.06402733495080642,cap_rate
2004,StLouis,0.07916108820831079,cap_rate
2004,Tampa,0.07195517670501694,cap_rate
2004,WashingtonDC,0.06783738997753455,cap_rate
2005,Atlanta,0.06643053557135001,cap_rate
2005,Baltimore,0.0628299123727798,cap_rate
2005,Boston,0.06551461093973693,cap_rate
2005,Chicago,0.0667107309354767,cap_rate
2005,Dallas,0.06876476936860385,cap_rate
2005,Denver,0.0596308005794719,cap_rate
2005,Detroit,0.0679356687522594,cap_rate
2005,Houston,0.07325499695421347,cap_rate
2005,LosAngeles,0.05606120940553005,cap_rate
2005,Miami,0.0626197140898518,cap_rate
2005,Minneapolis,0.06688369443276958,cap_rate
2005,NewYork,0.05899762545596613,cap_rate
2005,Philadelphia,0.06639510932731012,cap_rate
2005,Phoenix,0.06173527012175343,cap_rate
2005,SanDiego,0.048498030756275054,cap_rate
2005,SanFrancisco,0.052658092378579074,cap_rate
2005,Seattle,0.059494224539241,cap_rate
2005,StLouis,0.07132896494690343,cap_rate
2005,Tampa,0.06660815013288282,cap_rate
2005,WashingtonDC,0.06035524997856267,cap_rate
2006,Atlanta,0.06427118122221012,cap_rate
2006,Baltimore,0.05736374038325962,cap_rate
2006,Boston,0.06281292673613317,cap_rate
2006,Chicago,0.06319874705055983,cap_rate
2006,Dallas,0.06747935300972116,cap_rate
2006,Denver,0.05732643801676503,cap_rate
2006,Detroit,0.06880004129013427,cap_rate
2006,Houston,0.07085785936697363,cap_rate
2006,LosAngeles,0.0523475696943885,cap_rate
2006,Miami,0.052167299200046896,cap_rate
2006,Minneapolis,0.0592044826974502,cap_rate
2006,NewYork,0.04895479906677853,cap_rate
2006,Philadelphia,0.06497089219327502,cap_rate
2006,Phoenix,0.05566208961817436,cap_rate
2006,SanDiego,0.047994932449417674,cap_rate
2006,SanFrancisco,0.04908083606154388,cap_rate
2006,Seattle,0.05420719102889772,cap_rate
2006,StLouis,0.0723970069134616,cap_rate
2006,Tampa,0.05914529276860607,cap_rate
2006,WashingtonDC,0.0567847016821694,cap_rate
2007,Atlanta,0.06267703521627008,cap_rate
2007,Baltimore,0.059084243991256676,cap_rate
2007,Boston,0.05977469912223788,cap_rate
2007,Chicago,0.05769378512139127,cap_rate
2007,Dallas,0.06958372390927917,cap_rate
2007,Denver,0.05627684151933377,cap_rate
2007,Detroit,0.0702448357107264,cap_rate
2007,Houston,0.06919819646086432,cap_rate
2007,LosAngeles,0.05233964012217425,cap_rate
2007,Miami,0.06039615051860647,cap_rate
2007,Minneapolis,0.06414460976015503,cap_rate
2007,NewYork,0.04676440917774245,cap_rate
2007,Philadelphia,0.060201919747482124,cap_rate
2007,Phoenix,0.05493665888618837,cap_rate
2007,SanDiego,0.051413371245989825,cap_rate
2007,SanFrancisco,0.051457826362103255,cap_rate
2007,Seattle,0.05451459652410675,cap_rate
2007,StLouis,0.07163430800974349,cap_rate
2007,Tampa,0.061944378569654124,cap_rate
2007,WashingtonDC,0.0582071982710479,cap_rate
2008,Atlanta,0.061024716891328205,cap_rate
2008,Baltimore,0.0598671445436942,cap_rate
2008,Boston,0.060428318158870405,cap_rate
2008,Chicago,0.06463806612408578,cap_rate
2008,Dallas,0.07113563780591842,cap_rate
2008,Denver,0.06400254174677035,cap_rate
2008,Detroit,0.0821681435613416,cap_rate
2008,Houston,0.06840623537402943,cap_rate
2008,LosAngeles,0.05377859834879445,cap_rate
2008,Miami,0.06763141022300065,cap_rate
2008,Minneapolis,0.06842418033786238,cap_rate
2008,NewYork,0.05785045295319716,cap_rate
2008,Philadelphia,0.06324300162628116,cap_rate
2008,Phoenix,0.05870633575589808,cap_rate
2008,SanDiego,0.05556734014395035,cap_rate
2008,SanFrancisco,0.05147362939129567,cap_rate
2008,Seattle,0.0546682398575024,cap_rate
2008,StLouis,0.08320412276177308,cap_rate
2008,Tampa,0.06541606971209897,cap_rate
2008,WashingtonDC,0.0554981339841842,cap_rate
2009,Atlanta,0.06801184287119592,cap_rate
2009,Baltimore,0.06884098142293796,cap_rate
2009,Boston,0.05743903272515573,cap_rate
2009,Chicago,0.06940817345419752,cap_rate
2009,Dallas,0.07494240225156772,cap_rate
2009,Denver,0.06997531758803668,cap_rate
2009,Detroit,0.08701385142332142,cap_rate
2009,Houston,0.07229688877369062,cap_rate
2009,LosAngeles,0.06005511726492745,cap_rate
2009,Miami,0.07980049561346135,cap_rate
2009,Minneapolis,0.06541046192950623,cap_rate
2009,NewYork,0.061814132140597305,cap_rate
2009,Philadelphia,0.0687378525859505,cap_rate
2009,Phoenix,0.06813890903578877,cap_rate
2009,SanDiego,0.061429624870625275,cap_rate
2009,SanFrancisco,0.04456158355202078,cap_rate
2009,Seattle,0.06068699623057025,cap_rate
2009,StLouis,0.08076595114782417,cap_rate
2009,Tampa,0.07121026369977185,cap_rate
2009,WashingtonDC,0.06361019357494485,cap_rate
2010,Atlanta,0.0719131746314812,cap_rate
2010,Baltimore,0.0699911446686151,cap_rate
2010,Boston,0.06465597030133853,cap_rate
2010,Chicago,0.06479992622066418,cap_rate
2010,Dallas,0.0684201433231831,cap_rate
2010,Denver,0.067178865048691,cap_rate
2010,Detroit,0.0971688114542705,cap_rate
2010,Houston,0.07332834478678235,cap_rate
2010,LosAngeles,0.06459326475152832,cap_rate
2010,Miami,0.07531898863556398,cap_rate
2010,Minneapolis,0.06843063637846494,cap_rate
2010,NewYork,0.06561828292321402,cap_rate
2010,Philadelphia,0.0690026537449694,cap_rate
2010,Phoenix,0.0666713030617949,cap_rate
2010,SanDiego,0.0641962164504983,cap_rate
2010,SanFrancisco,0.05568503181359445,cap_rate
2010,Seattle,0.062091922967331,cap_rate
2010,StLouis,0.07112569907247705,cap_rate
2010,Tampa,0.07356376055955816,cap_rate
2010,WashingtonDC,0.06476040465663238,cap_rate
2011,Atlanta,0.06730847110579752,cap_rate
2011,Baltimore,0.06223794110107915,cap_rate
2011,Boston,0.05843939350173257,cap_rate
2011,Chicago,0.06336708300603222,cap_rate
2011,Dallas,0.06473016283240067,cap_rate
2011,Denver,0.058817533476153726,cap_rate
2011,Detroit,0.08849239780082653,cap_rate
2011,Houston,0.061083728626982574,cap_rate
2011,LosAngeles,0.058583657813803355,cap_rate
2011,Miami,0.07037786638111698,cap_rate
2011,Minneapolis,0.06573823640541072,cap_rate
2011,NewYork,0.05584402532026282,cap_rate
2011,Philadelphia,0.0665182716249113,cap_rate
2011,Phoenix,0.06102464997182785,cap_rate
2011,SanDiego,0.057267475863887626,cap_rate
2011,SanFrancisco,0.056034737287001646,cap_rate
2011,Seattle,0.0577385849849888,cap_rate
2011,StLouis,0.06966580556496847,cap_rate
2011,Tampa,0.07066268884768298,cap_rate
2011,WashingtonDC,0.06018360541869675,cap_rate
2012,Atlanta,0.06459526946841253,cap_rate
2012,Baltimore,0.06115536979208,cap_rate
2012,Boston,0.054831727803499694,cap_rate
2012,Chicago,0.06252002234463125,cap_rate
2012,Dallas,0.06375648569606353,cap_rate
2012,Denver,0.059671527569171774,cap_rate
2012,Detroit,0.0801736584679092,cap_rate
2012,Houston,0.06447828389290303,cap_rate
2012,LosAngeles,0.055741679821537674,cap_rate
2012,Miami,0.06462504043386405,cap_rate
2012,Minneapolis,0.06252709125652778,cap_rate
2012,NewYork,0.053585355920200826,cap_rate
2012,Philadelphia,0.06316268820002195,cap_rate
2012,Phoenix,0.06028813914570212,cap_rate
2012,SanDiego,0.054753926703193005,cap_rate
2012,SanFrancisco,0.051282789343274224,cap_rate
2012,Seattle,0.053073168119893294,cap_rate
2012,StLouis,0.0688814476684501,cap_rate
2012,Tampa,0.06476935130967773,cap_rate
2012,WashingtonDC,0.05758274142397113,cap_rate
2013,Atlanta,0.06363555384721785,cap_rate
2013,Baltimore,0.060423988217638905,cap_rate
2013,Boston,0.05284543925921881,cap_rate
2013,Chicago,0.06081351112983587,cap_rate
2013,Dallas,0.06367444987805762,cap_rate
2013,Denver,0.0597043688323248,cap_rate
2013,Detroit,0.07551921714963712,cap_rate
2013,Houston,0.06879904507276177,cap_rate
2013,LosAngeles,0.053627437981621826,cap_rate
2013,Miami,0.05490691760732365,cap_rate
2013,Minneapolis,0.062382212278023305,cap_rate
2013,NewYork,0.04959561499997643,cap_rate
2013,Philadelphia,0.05971041390692172,cap_rate
2013,Phoenix,0.05882554676291215,cap_rate
2013,SanDiego,0.05263741528127122,cap_rate
2013,SanFrancisco,0.0463638914241339,cap_rate
2013,Seattle,0.05139289428418878,cap_rate
2013,StLouis,0.0668339880353235,cap_rate
2013,Tampa,0.06626283149549986,cap_rate
2013,WashingtonDC,0.05611189428322741,cap_rate
2014,Atlanta,0.06447532338147823,cap_rate
2014,Baltimore,0.05909236233295265,cap_rate
2014,Boston,0.05523815069492135,cap_rate
2014,Chicago,0.060904275790687676,cap_rate
2014,Dallas,0.06301146919654878,cap_rate
2014,Denver,0.05829149012536447,cap_rate
2014,Detroit,0.07773514160649407,cap_rate
2014,Houston,0.06671022043071267,cap_rate
2014,LosAngeles,0.0532398764019814,cap_rate
2014,Miami,0.0574738573010915,cap_rate
2014,Minneapolis,0.060053104042300645,cap_rate
2014,NewYork,0.04701315268412243,cap_rate
2014,Philadelphia,0.06064670600625739,cap_rate
2014,Phoenix,0.0594986503054048,cap_rate
2014,SanDiego,0.05513296411233035,cap_rate
2014,SanFrancisco,0.043693030056466575,cap_rate
2014,Seattle,0.05235224179837258,cap_rate
2014,StLouis,0.06756545853879695,cap_rate
2014,Tampa,0.06624277230283135,cap_rate
2014,WashingtonDC,0.05720403603681028,cap_rate
2015,Atlanta,0.06109180893749755,cap_rate
2015,Baltimore,0.0571142182420183,cap_rate
2015,Boston,0.051168497978690025,cap_rate
2015,Chicago,0.05841954640113047,cap_rate
2015,Dallas,0.06040032987857777,cap_rate
2015,Denver,0.056446712067098226,cap_rate
2015,Detroit,0.07167727898431946,cap_rate
2015,Houston,0.0635104916520026,cap_rate
2015,LosAngeles,0.04878891463655347,cap_rate
2015,Miami,0.05590472401403446,cap_rate
2015,Minneapolis,0.057258834655975824,cap_rate
2015,NewYork,0.047509207092945024,cap_rate
2015,Philadelphia,0.05892426775100029,cap_rate
2015,Phoenix,0.05682591729556623,cap_rate
2015,SanDiego,0.049595585816415697,cap_rate
2015,SanFrancisco,0.041623306537615076,cap_rate
2015,Seattle,0.05053902891629,cap_rate
2015,StLouis,0.06755193510901605,cap_rate
2015,Tampa,0.06203033369053702,cap_rate
2015,WashingtonDC,0.05491528790262803,cap_rate
2016,Atlanta,0.059496562855538476,cap_rate
2016,Baltimore,0.058399263194937004,cap_rate
2016,Boston,0.049322266652543925,cap_rate
2016,Chicago,0.05901943567177013,cap_rate
2016,Dallas,0.058461315999278826,cap_rate
2016,Denver,0.05659038207454192,cap_rate
2016,Detroit,0.0705066669225012,cap_rate
2016,Houston,0.0626563113528082,cap_rate
2016,LosAngeles,0.04649817864143053,cap_rate
2016,Miami,0.05406085481969925,cap_rate
2016,Minneapolis,0.0558443581423421,cap_rate
2016,NewYork,0.0454965219163146,cap_rate
2016,Philadelphia,0.05711434520708542,cap_rate
2016,Phoenix,0.05668374885447837,cap_rate
2016,SanDiego,0.049152918999681994,cap_rate
2016,SanFrancisco,0.043028848971516306,cap_rate
2016,Seattle,0.05075686654893745,cap_rate
2016,StLouis,0.06499061327130977,cap_rate
2016,Tampa,0.0588546180674258,cap_rate
2016,WashingtonDC,0.05383402424626675,cap_rate
2017,Atlanta,0.0580798791597245,cap_rate
2017,Baltimore,0.05862267021761297,cap_rate
2017,Boston,0.05158776948568833,cap_rate
2017,Chicago,0.05645313193646448,cap_rate
2017,Dallas,0.057408658062767626,cap_rate
2017,Denver,0.0548069222725385,cap_rate
2017,Detroit,0.0667672408914714,cap_rate
2017,Houston,0.06044060034019475,cap_rate
2017,LosAngeles,0.044956369484026884,cap_rate
2017,Miami,0.05459402742302748,cap_rate
2017,Minneapolis,0.0552002323011902,cap_rate
2017,NewYork,0.039842737763999325,cap_rate
2017,Philadelphia,0.0579437047932276,cap_rate
2017,Phoenix,0.055033639795017575,cap_rate
2017,SanDiego,0.048673203848176055,cap_rate
2017,SanFrancisco,0.0439001036309478,cap_rate
2017,Seattle,0.04979576066219608,cap_rate
2017,StLouis,0.0620588730494841,cap_rate
2017,Tampa,0.05731038907028667,cap_rate
2017,WashingtonDC,0.05383924256167137,cap_rate
2018,Atlanta,0.05686685842923722,cap_rate
2018,Baltimore,0.05718118466963145,cap_rate
2018,Boston,0.050455879627278176,cap_rate
2018,Chicago,0.0556093640668644,cap_rate
2018,Dallas,0.05513864674815977,cap_rate
2018,Denver,0.05331185304131202,cap_rate
2018,Detroit,0.06466717745724096,cap_rate
2018,Houston,0.056006404881643795,cap_rate
2018,LosAngeles,0.045129375433375904,cap_rate
2018,Miami,0.05353039250967982,cap_rate
2018,Minneapolis,0.05416514053614224,cap_rate
2018,NewYork,0.042770771377908925,cap_rate
2018,Philadelphia,0.055802832928014426,cap_rate
2018,Phoenix,0.05298146415336263,cap_rate
2018,SanDiego,0.046916823239019155,cap_rate
2018,SanFrancisco,0.0419942688395927,cap_rate
2018,Seattle,0.04818358428372585,cap_rate
2018,StLouis,0.06250585299409173,cap_rate
2018,Tampa,0.0557695520667059,cap_rate
2018,WashingtonDC,0.052733501922120576,cap_rate
2019,Atlanta,0.05470157209194415,cap_rate
2019,Baltimore,0.056692127067026525,cap_rate
2019,Boston,0.04881921677573757,cap_rate
2019,Chicago,0.0548945722453132,cap_rate
2019,Dallas,0.05247827308672545,cap_rate
2019,Denver,0.05098399879005924,cap_rate
2019,Detroit,0.06163099706702806,cap_rate
2019,Houston,0.05284664552604688,cap_rate
2019,LosAngeles,0.04494651362411735,cap_rate
2019,Miami,0.05135418914598248,cap_rate
2019,Minneapolis,0.053154926474687975,cap_rate
2019,NewYork,0.04514317108835088,cap_rate
2019,Philadelphia,0.05535960707279203,cap_rate
2019,Phoenix,0.05084544322890368,cap_rate
2019,SanDiego,0.0470954064109187,cap_rate
2019,SanFrancisco,0.03934812718556975,cap_rate
2019,Seattle,0.046807935174836925,cap_rate
2019,StLouis,0.060478571737957953,cap_rate
2019,Tampa,0.05365387643624183,cap_rate
2019,WashingtonDC,0.053679382892286256,cap_rate
2020,Atlanta,0.05176609430060462,cap_rate
2020,Baltimore,0.05351814975510447,cap_rate
2020,Boston,0.04689968943539145,cap_rate
2020,Chicago,0.0523164663731506,cap_rate
2020,Dallas,0.05025601714277593,cap_rate
2020,Denver,0.04698063062475745,cap_rate
2020,Detroit,0.05811264423993348,cap_rate
2020,Houston,0.051026723673206,cap_rate
2020,LosAngeles,0.04444766397304192,cap_rate
2020,Miami,0.04839617389457272,cap_rate
2020,Minneapolis,0.04912538015346302,cap_rate
2020,NewYork,0.04543280261232947,cap_rate
2020,Philadelphia,0.05276421547122723,cap_rate
2020,Phoenix,0.0487009196277454,cap_rate
2020,SanDiego,0.04527888802315257,cap_rate
2020,SanFrancisco,0.037954756225626926,cap_rate
2020,Seattle,0.045216354615182267,cap_rate
2020,StLouis,0.058230860980836824,cap_rate
2020,Tampa,0.05060402836093545,cap_rate
2020,WashingtonDC,0.05025587322217655,cap_rate
2021,Atlanta,0.04900320895528577,cap_rate
2021,Baltimore,0.051873455831317604,cap_rate
2021,Boston,0.0443393506919641,cap_rate
2021,Chicago,0.049893974928462294,cap_rate
2021,Dallas,0.04698923452001,cap_rate
2021,Denver,0.044402830883235565,cap_rate
2021,Detroit,0.054530669066983097,cap_rate
2021,Houston,0.04935940315613121,cap_rate
2021,LosAngeles,0.043445452226497566,cap_rate
2021,Miami,0.04694994710047203,cap_rate
2021,Minneapolis,0.04749900301371566,cap_rate
2021,NewYork,0.04588148131442917,cap_rate
2021,Philadelphia,0.05002261520624977,cap_rate
2021,Phoenix,0.045015820069446356,cap_rate
2021,SanDiego,0.043227838945501966,cap_rate
2021,SanFrancisco,0.03937970489867906,cap_rate
2021,Seattle,0.04309304823059267,cap_rate
2021,StLouis,0.05422384271995423,cap_rate
2021,Tampa,0.04833603063555186,cap_rate
2021,WashingtonDC,0.0477408663762608,cap_rate
1915.0,Boston,10.7,cpi
1916.0,Boston,12.1,cpi
1917.0,Boston,14.2,cpi
1918.0,Boston,17.3,cpi
1919.0,Boston,18.45,cpi
1920.0,Boston,20.85,cpi
1921.0,Boston,17.933333333333334,cpi
1922.0,Boston,16.975,cpi
1923.0,Boston,17.400000000000002,cpi
1924.0,Boston,17.4,cpi
1925.0,Boston,18.0,cpi
1926.0,Boston,18.15,cpi
1927.0,Boston,18.0,cpi
1928.0,Boston,17.65,cpi
1929.0,Boston,17.65,cpi
1930.0,Boston,17.15,cpi
1931.0,Boston,15.5,cpi
1932.0,Boston,13.95,cpi
1933.0,Boston,13.65,cpi
1934.0,Boston,14.149999999999999,cpi
1935.0,Boston,14.333333333333334,cpi
1936.0,Boston,14.4,cpi
1937.0,Boston,14.8,cpi
1938.0,Boston,14.275000000000002,cpi
1939.0,Boston,14.125000000000002,cpi
1940.0,Boston,14.283333333333333,cpi
1941.0,Boston,14.908333333333331,cpi
1942.0,Boston,16.5,cpi
1943.0,Boston,17.366666666666667,cpi
1944.0,Boston,17.558333333333334,cpi
1945.0,Boston,17.916666666666668,cpi
1946.0,Boston,19.383333333333336,cpi
1947.0,Boston,22.066666666666666,cpi
1948.0,Boston,23.88333333333334,cpi
1949.0,Boston,23.591666666666665,cpi
1950.0,Boston,23.900000000000002,cpi
1951.0,Boston,25.5,cpi
1952.0,Boston,26.058333333333337,cpi
1953.0,Boston,26.125,cpi
1954.0,Boston,26.224999999999998,cpi
1955.0,Boston,26.35,cpi
1956.0,Boston,27.075,cpi
1957.0,Boston,28.025,cpi
1958.0,Boston,28.924999999999997,cpi
1959.0,Boston,29.15,cpi
1960.0,Boston,29.700000000000003,cpi
1961.0,Boston,30.15,cpi
1962.0,Boston,30.799999999999997,cpi
1963.0,Boston,31.424999999999997,cpi
1964.0,Boston,31.85,cpi
1965.0,Boston,32.449999999999996,cpi
1966.0,Boston,33.45,cpi
1967.0,Boston,34.325,cpi
1968.0,Boston,35.675,cpi
1969.0,Boston,37.650000000000006,cpi
1970.0,Boston,39.95,cpi
1971.0,Boston,42.075,cpi
1972.0,Boston,43.575,cpi
1973.0,Boston,46.0,cpi
1974.0,Boston,50.75,cpi
1975.0,Boston,55.325,cpi
1976.0,Boston,59.824999999999996,cpi
1977.0,Boston,62.875,cpi
1978.0,Boston,66.23333333333333,cpi
1979.0,Boston,72.89999999999999,cpi
1980.0,Boston,82.15000000000002,cpi
1981.0,Boston,91.48333333333333,cpi
1982.0,Boston,95.39999999999999,cpi
1983.0,Boston,99.61666666666666,cpi
1984.0,Boston,104.51666666666665,cpi
1985.0,Boston,109.15000000000002,cpi
1986.0,Boston,112.13333333333333,cpi
1987.0,Boston,116.91666666666667,cpi
1988.0,Boston,123.78333333333332,cpi
1989.0,Boston,131.0,cpi
1990.0,Boston,138.58333333333334,cpi
1991.0,Boston,144.8666666666667,cpi
1992.0,Boston,148.4,cpi
1993.0,Boston,152.81666666666666,cpi
1994.0,Boston,154.75,cpi
1995.0,Boston,158.46666666666667,cpi
1996.0,Boston,163.1,cpi
1997.0,Boston,167.79999999999998,cpi
1998.0,Boston,171.58333333333334,cpi
1999.0,Boston,175.73333333333332,cpi
2000.0,Boston,183.26666666666668,cpi
2001.0,Boston,191.38333333333333,cpi
2002.0,Boston,196.26666666666668,cpi
2003.0,Boston,203.53333333333333,cpi
2004.0,Boston,209.36666666666667,cpi
2005.0,Boston,215.99999999999997,cpi
2006.0,Boston,222.9,cpi
2007.0,Boston,227.0956666666667,cpi
2008.0,Boston,235.42316666666667,cpi
2009.0,Boston,233.50916666666663,cpi
2010.0,Boston,237.34066666666664,cpi
2011.0,Boston,243.6285,cpi
2012.0,Boston,247.56366666666668,cpi
2013.0,Boston,251.00716666666668,cpi
2014.0,Boston,255.125,cpi
2015.0,Boston,256.7428333333333,cpi
2016.0,Boston,260.282,cpi
2017.0,Boston,266.921,cpi
2018.0,Boston,275.5308333333333,cpi
2019.0,Boston,281.063,cpi
2020.0,Boston,284.08883333333335,cpi
2021.0,Boston,291.50339999999994,cpi
1915.0,Philadelphia,10.3,cpi
1916.0,Philadelphia,11.6,cpi
1917.0,Philadelphia,14.1,cpi
1918.0,Philadelphia,17.0,cpi
1919.0,Philadelphia,18.35,cpi
1920.0,Philadelphia,20.6,cpi
1921.0,Philadelphia,17.900000000000002,cpi
1922.0,Philadelphia,17.2,cpi
1923.0,Philadelphia,17.625,cpi
1924.0,Philadelphia,17.725,cpi
1925.0,Philadelphia,18.65,cpi
1926.0,Philadelphia,18.75,cpi
1927.0,Philadelphia,18.4,cpi
1928.0,Philadelphia,17.950000000000003,cpi
1929.0,Philadelphia,17.85,cpi
1930.0,Philadelphia,17.15,cpi
1931.0,Philadelphia,15.600000000000001,cpi
1932.0,Philadelphia,13.85,cpi
1933.0,Philadelphia,13.5,cpi
1934.0,Philadelphia,14.149999999999999,cpi
1935.0,Philadelphia,14.266666666666666,cpi
1936.0,Philadelphia,14.52,cpi
1937.0,Philadelphia,14.875,cpi
1938.0,Philadelphia,14.5,cpi
1939.0,Philadelphia,14.3,cpi
1940.0,Philadelphia,14.333333333333334,cpi
1941.0,Philadelphia,15.041666666666666,cpi
1942.0,Philadelphia,16.73333333333333,cpi
1943.0,Philadelphia,17.8,cpi
1944.0,Philadelphia,18.04166666666666,cpi
1945.0,Philadelphia,18.524999999999995,cpi
1946.0,Philadelphia,20.10833333333333,cpi
1947.0,Philadelphia,23.00833333333333,cpi
1948.0,Philadelphia,24.83333333333334,cpi
1949.0,Philadelphia,24.54166666666667,cpi
1950.0,Philadelphia,24.691666666666666,cpi
1951.0,Philadelphia,26.974999999999998,cpi
1952.0,Philadelphia,27.491666666666664,cpi
1953.0,Philadelphia,27.624999999999996,cpi
1954.0,Philadelphia,27.90833333333333,cpi
1955.0,Philadelphia,27.849999999999998,cpi
1956.0,Philadelphia,28.233333333333334,cpi
1957.0,Philadelphia,29.141666666666666,cpi
1958.0,Philadelphia,29.71666666666667,cpi
1959.0,Philadelphia,30.049999999999997,cpi
1960.0,Philadelphia,30.58333333333333,cpi
1961.0,Philadelphia,30.925,cpi
1962.0,Philadelphia,31.199999999999992,cpi
1963.0,Philadelphia,31.75833333333334,cpi
1964.0,Philadelphia,32.25833333333333,cpi
1965.0,Philadelphia,32.75833333333333,cpi
1966.0,Philadelphia,33.7,cpi
1967.0,Philadelphia,34.61666666666667,cpi
1968.0,Philadelphia,36.275,cpi
1969.0,Philadelphia,38.2,cpi
1970.0,Philadelphia,40.76666666666666,cpi
1971.0,Philadelphia,42.75833333333333,cpi
1972.0,Philadelphia,43.94166666666666,cpi
1973.0,Philadelphia,46.9,cpi
1974.0,Philadelphia,52.46666666666667,cpi
1975.0,Philadelphia,56.833333333333336,cpi
1976.0,Philadelphia,59.64166666666667,cpi
1977.0,Philadelphia,63.53333333333334,cpi
1978.0,Philadelphia,67.24166666666667,cpi
1979.0,Philadelphia,73.925,cpi
1980.0,Philadelphia,83.575,cpi
1981.0,Philadelphia,92.08333333333333,cpi
1982.0,Philadelphia,96.55833333333332,cpi
1983.0,Philadelphia,99.37499999999999,cpi
1984.0,Philadelphia,104.04166666666664,cpi
1985.0,Philadelphia,108.76666666666667,cpi
1986.0,Philadelphia,111.46666666666665,cpi
1987.0,Philadelphia,116.80833333333332,cpi
1988.0,Philadelphia,122.39999999999998,cpi
1989.0,Philadelphia,128.29999999999998,cpi
1990.0,Philadelphia,135.84166666666667,cpi
1991.0,Philadelphia,142.1833333333333,cpi
1992.0,Philadelphia,146.58333333333331,cpi
1993.0,Philadelphia,150.23333333333332,cpi
1994.0,Philadelphia,154.64166666666668,cpi
1995.0,Philadelphia,158.69166666666663,cpi
1996.0,Philadelphia,162.84166666666667,cpi
1997.0,Philadelphia,166.45000000000002,cpi
1998.0,Philadelphia,168.33333333333334,cpi
1999.0,Philadelphia,172.03333333333333,cpi
2000.0,Philadelphia,176.6833333333333,cpi
2001.0,Philadelphia,181.38333333333333,cpi
2002.0,Philadelphia,185.13333333333333,cpi
2003.0,Philadelphia,188.98333333333335,cpi
2004.0,Philadelphia,196.88333333333333,cpi
2005.0,Philadelphia,204.53333333333333,cpi
2006.0,Philadelphia,212.35,cpi
2007.0,Philadelphia,217.05383333333336,cpi
2008.0,Philadelphia,224.10016666666664,cpi
2009.0,Philadelphia,223.564,cpi
2010.0,Philadelphia,227.84916666666666,cpi
2011.0,Philadelphia,234.07199999999997,cpi
2012.0,Philadelphia,238.27166666666665,cpi
2013.0,Philadelphia,241.02066666666667,cpi
2014.0,Philadelphia,244.1146666666667,cpi
2015.0,Philadelphia,243.73133333333337,cpi
2016.0,Philadelphia,245.55683333333332,cpi
2017.0,Philadelphia,248.49349999999995,cpi
2018.0,Philadelphia,251.846,cpi
2019.0,Philadelphia,256.9153333333333,cpi
2020.0,Philadelphia,258.9941666666667,cpi
2021.0,Philadelphia,268.9424,cpi
1915.0,Chicago,10.2,cpi
1916.0,Chicago,11.6,cpi
1917.0,Chicago,13.5,cpi
1918.0,Chicago,16.3,cpi
1919.0,Chicago,17.75,cpi
1920.0,Chicago,19.85,cpi
1921.0,Chicago,17.733333333333334,cpi
1922.0,Chicago,17.0,cpi
1923.0,Chicago,17.475,cpi
1924.0,Chicago,17.75,cpi
1925.0,Chicago,18.4,cpi
1926.0,Chicago,18.3,cpi
1927.0,Chicago,18.05,cpi
1928.0,Chicago,17.65,cpi
1929.0,Chicago,17.65,cpi
1930.0,Chicago,17.0,cpi
1931.0,Chicago,15.25,cpi
1932.0,Chicago,13.25,cpi
1933.0,Chicago,12.55,cpi
1934.0,Chicago,12.75,cpi
1935.0,Chicago,13.366666666666667,cpi
1936.0,Chicago,13.560000000000002,cpi
1937.0,Chicago,14.175,cpi
1938.0,Chicago,13.925,cpi
1939.0,Chicago,13.7,cpi
1940.0,Chicago,13.816666666666668,cpi
1941.0,Chicago,14.516666666666664,cpi
1942.0,Chicago,15.958333333333336,cpi
1943.0,Chicago,16.849999999999998,cpi
1944.0,Chicago,17.108333333333338,cpi
1945.0,Chicago,17.474999999999998,cpi
1946.0,Chicago,19.033333333333335,cpi
1947.0,Chicago,22.108333333333334,cpi
1948.0,Chicago,24.033333333333335,cpi
1949.0,Chicago,24.008333333333336,cpi
1950.0,Chicago,24.25,cpi
1951.0,Chicago,26.158333333333335,cpi
1952.0,Chicago,26.724999999999998,cpi
1953.0,Chicago,26.95833333333333,cpi
1954.0,Chicago,27.358333333333334,cpi
1955.0,Chicago,27.541666666666668,cpi
1956.0,Chicago,27.925,cpi
1957.0,Chicago,28.83333333333333,cpi
1958.0,Chicago,29.708333333333332,cpi
1959.0,Chicago,29.95,cpi
1960.0,Chicago,30.366666666666664,cpi
1961.0,Chicago,30.51666666666667,cpi
1962.0,Chicago,30.833333333333332,cpi
1963.0,Chicago,31.141666666666666,cpi
1964.0,Chicago,31.266666666666662,cpi
1965.0,Chicago,31.683333333333326,cpi
1966.0,Chicago,32.63333333333333,cpi
1967.0,Chicago,33.48333333333333,cpi
1968.0,Chicago,34.9,cpi
1969.0,Chicago,36.80833333333334,cpi
1970.0,Chicago,38.916666666666664,cpi
1971.0,Chicago,40.449999999999996,cpi
1972.0,Chicago,41.6,cpi
1973.0,Chicago,44.208333333333336,cpi
1974.0,Chicago,48.88333333333332,cpi
1975.0,Chicago,52.74166666666667,cpi
1976.0,Chicago,55.26666666666667,cpi
1977.0,Chicago,58.74166666666667,cpi
1978.0,Chicago,63.849999999999994,cpi
1979.0,Chicago,71.81666666666668,cpi
1980.0,Chicago,82.17500000000001,cpi
1981.0,Chicago,90.04166666666667,cpi
1982.0,Chicago,96.18333333333332,cpi
1983.0,Chicago,100.01666666666667,cpi
1984.0,Chicago,103.79166666666664,cpi
1985.0,Chicago,107.70833333333333,cpi
1986.0,Chicago,109.95833333333333,cpi
1987.0,Chicago,114.49166666666667,cpi
1988.0,Chicago,118.96666666666664,cpi
1989.0,Chicago,124.98333333333333,cpi
1990.0,Chicago,131.7,cpi
1991.0,Chicago,137.04166666666666,cpi
1992.0,Chicago,141.05833333333334,cpi
1993.0,Chicago,145.40833333333333,cpi
1994.0,Chicago,148.59166666666667,cpi
1995.0,Chicago,153.31666666666666,cpi
1996.0,Chicago,157.41666666666666,cpi
1997.0,Chicago,161.725,cpi
1998.0,Chicago,164.98333333333335,cpi
1999.0,Chicago,168.4,cpi
2000.0,Chicago,173.8083333333333,cpi
2001.0,Chicago,178.33333333333334,cpi
2002.0,Chicago,181.17499999999998,cpi
2003.0,Chicago,184.5083333333333,cpi
2004.0,Chicago,188.63333333333333,cpi
2005.0,Chicago,194.3416666666667,cpi
2006.0,Chicago,198.32500000000002,cpi
2007.0,Chicago,204.81758333333335,cpi
2008.0,Chicago,212.5355833333333,cpi
2009.0,Chicago,209.99508333333333,cpi
2010.0,Chicago,212.8704166666666,cpi
2011.0,Chicago,218.68416666666667,cpi
2012.0,Chicago,222.00475000000003,cpi
2013.0,Chicago,224.54516666666666,cpi
2014.0,Chicago,228.46775000000005,cpi
2015.0,Chicago,227.79233333333332,cpi
2016.0,Chicago,229.30175,cpi
2017.0,Chicago,233.61133333333336,cpi
2018.0,Chicago,237.70624999999995,cpi
2019.0,Chicago,241.18066666666667,cpi
2020.0,Chicago,243.87275,cpi
2021.0,Chicago,253.02870000000001,cpi
1915.0,Dallas,,cpi
1916.0,Dallas,,cpi
1917.0,Dallas,,cpi
1918.0,Dallas,,cpi
1919.0,Dallas,,cpi
1920.0,Dallas,,cpi
1921.0,Dallas,,cpi
1922.0,Dallas,,cpi
1923.0,Dallas,,cpi
1924.0,Dallas,,cpi
1925.0,Dallas,,cpi
1926.0,Dallas,,cpi
1927.0,Dallas,,cpi
1928.0,Dallas,,cpi
1929.0,Dallas,,cpi
1930.0,Dallas,,cpi
1931.0,Dallas,,cpi
1932.0,Dallas,,cpi
1933.0,Dallas,,cpi
1934.0,Dallas,,cpi
1935.0,Dallas,,cpi
1936.0,Dallas,,cpi
1937.0,Dallas,,cpi
1938.0,Dallas,,cpi
1939.0,Dallas,,cpi
1940.0,Dallas,,cpi
1941.0,Dallas,,cpi
1942.0,Dallas,,cpi
1943.0,Dallas,,cpi
1944.0,Dallas,,cpi
1945.0,Dallas,,cpi
1946.0,Dallas,,cpi
1947.0,Dallas,,cpi
1948.0,Dallas,,cpi
1949.0,Dallas,,cpi
1950.0,Dallas,,cpi
1951.0,Dallas,,cpi
1952.0,Dallas,,cpi
1953.0,Dallas,,cpi
1954.0,Dallas,,cpi
1955.0,Dallas,,cpi
1956.0,Dallas,,cpi
1957.0,Dallas,,cpi
1958.0,Dallas,,cpi
1959.0,Dallas,,cpi
1960.0,Dallas,,cpi
1961.0,Dallas,,cpi
1962.0,Dallas,,cpi
1963.0,Dallas,29.5,cpi
1964.0,Dallas,29.55,cpi
1965.0,Dallas,29.9,cpi
1966.0,Dallas,30.975,cpi
1967.0,Dallas,31.900000000000002,cpi
1968.0,Dallas,33.3,cpi
1969.0,Dallas,35.45,cpi
1970.0,Dallas,37.55,cpi
1971.0,Dallas,38.675,cpi
1972.0,Dallas,39.8,cpi
1973.0,Dallas,42.025000000000006,cpi
1974.0,Dallas,46.325,cpi
1975.0,Dallas,50.45,cpi
1976.0,Dallas,53.45,cpi
1977.0,Dallas,57.449999999999996,cpi
1978.0,Dallas,62.06666666666667,cpi
1979.0,Dallas,70.09999999999998,cpi
1980.0,Dallas,81.91666666666667,cpi
1981.0,Dallas,91.16666666666667,cpi
1982.0,Dallas,96.16666666666667,cpi
1983.0,Dallas,99.83333333333333,cpi
1984.0,Dallas,104.48333333333333,cpi
1985.0,Dallas,108.39999999999999,cpi
1986.0,Dallas,109.88333333333331,cpi
1987.0,Dallas,113.05,cpi
1988.0,Dallas,116.21666666666668,cpi
1989.0,Dallas,119.68333333333334,cpi
1990.0,Dallas,125.46666666666668,cpi
1991.0,Dallas,130.95000000000002,cpi
1992.0,Dallas,134.03333333333333,cpi
1993.0,Dallas,137.51666666666665,cpi
1994.0,Dallas,141.29999999999998,cpi
1995.0,Dallas,145.01666666666668,cpi
1996.0,Dallas,149.04999999999998,cpi
1997.0,Dallas,151.5333333333333,cpi
1998.0,Dallas,153.46666666666667,cpi
1999.0,Dallas,157.8,cpi
2000.0,Dallas,164.4333333333333,cpi
2001.0,Dallas,170.23333333333335,cpi
2002.0,Dallas,172.54999999999998,cpi
2003.0,Dallas,176.18333333333337,cpi
2004.0,Dallas,178.53333333333333,cpi
2005.0,Dallas,184.29999999999998,cpi
2006.0,Dallas,190.05000000000004,cpi
2007.0,Dallas,192.90383333333332,cpi
2008.0,Dallas,201.72983333333335,cpi
2009.0,Dallas,200.39933333333332,cpi
2010.0,Dallas,201.57883333333334,cpi
2011.0,Dallas,207.6833333333333,cpi
2012.0,Dallas,212.04133333333334,cpi
2013.0,Dallas,215.88800000000003,cpi
2014.0,Dallas,218.45116666666664,cpi
2015.0,Dallas,217.35950000000003,cpi
2016.0,Dallas,220.40783333333334,cpi
2017.0,Dallas,226.02483333333336,cpi
2018.0,Dallas,232.67633333333333,cpi
2019.0,Dallas,237.5615,cpi
2020.0,Dallas,239.0345,cpi
2021.0,Dallas,249.80100000000002,cpi
1915.0,Houston,9.5,cpi
1916.0,Houston,10.9,cpi
1917.0,Houston,13.2,cpi
1918.0,Houston,15.9,cpi
1919.0,Houston,17.45,cpi
1920.0,Houston,19.299999999999997,cpi
1921.0,Houston,16.633333333333333,cpi
1922.0,Houston,15.825000000000001,cpi
1923.0,Houston,15.925,cpi
1924.0,Houston,15.825,cpi
1925.0,Houston,16.25,cpi
1926.0,Houston,16.0,cpi
1927.0,Houston,15.75,cpi
1928.0,Houston,15.55,cpi
1929.0,Houston,15.7,cpi
1930.0,Houston,15.05,cpi
1931.0,Houston,13.600000000000001,cpi
1932.0,Houston,12.0,cpi
1933.0,Houston,11.85,cpi
1934.0,Houston,12.399999999999999,cpi
1935.0,Houston,12.699999999999998,cpi
1936.0,Houston,12.86,cpi
1937.0,Houston,13.4,cpi
1938.0,Houston,13.274999999999999,cpi
1939.0,Houston,13.175,cpi
1940.0,Houston,13.249999999999998,cpi
1941.0,Houston,13.799999999999999,cpi
1942.0,Houston,15.241666666666667,cpi
1943.0,Houston,16.05,cpi
1944.0,Houston,16.200000000000003,cpi
1945.0,Houston,16.541666666666664,cpi
1946.0,Houston,17.849999999999998,cpi
1947.0,Houston,20.983333333333334,cpi
1948.0,Houston,22.73333333333333,cpi
1949.0,Houston,22.666666666666668,cpi
1950.0,Houston,23.349999999999998,cpi
1951.0,Houston,25.21666666666667,cpi
1952.0,Houston,25.525000000000002,cpi
1953.0,Houston,25.799999999999997,cpi
1954.0,Houston,25.825,cpi
1955.0,Houston,25.599999999999998,cpi
1956.0,Houston,26.05,cpi
1957.0,Houston,26.9,cpi
1958.0,Houston,27.35,cpi
1959.0,Houston,27.525000000000002,cpi
1960.0,Houston,27.85,cpi
1961.0,Houston,27.95,cpi
1962.0,Houston,28.5,cpi
1963.0,Houston,28.775,cpi
1964.0,Houston,29.175,cpi
1965.0,Houston,29.525000000000002,cpi
1966.0,Houston,30.299999999999997,cpi
1967.0,Houston,31.1,cpi
1968.0,Houston,32.35,cpi
1969.0,Houston,34.45,cpi
1970.0,Houston,36.275000000000006,cpi
1971.0,Houston,37.625,cpi
1972.0,Houston,38.925,cpi
1973.0,Houston,40.975,cpi
1974.0,Houston,45.55,cpi
1975.0,Houston,51.1,cpi
1976.0,Houston,54.974999999999994,cpi
1977.0,Houston,58.949999999999996,cpi
1978.0,Houston,65.11666666666667,cpi
1979.0,Houston,73.83333333333333,cpi
1980.0,Houston,83.08333333333333,cpi
1981.0,Houston,91.36666666666666,cpi
1982.0,Houston,97.55,cpi
1983.0,Houston,99.98333333333333,cpi
1984.0,Houston,102.84999999999998,cpi
1985.0,Houston,104.91666666666667,cpi
1986.0,Houston,103.83333333333333,cpi
1987.0,Houston,106.64999999999999,cpi
1988.0,Houston,109.71666666666665,cpi
1989.0,Houston,114.26666666666667,cpi
1990.0,Houston,120.86666666666667,cpi
1991.0,Houston,125.30000000000001,cpi
1992.0,Houston,129.1833333333333,cpi
1993.0,Houston,133.75,cpi
1994.0,Houston,137.91666666666666,cpi
1995.0,Houston,139.96666666666667,cpi
1996.0,Houston,142.83333333333334,cpi
1997.0,Houston,145.46666666666667,cpi
1998.0,Houston,146.79999999999998,cpi
1999.0,Houston,148.9333333333333,cpi
2000.0,Houston,154.45000000000002,cpi
2001.0,Houston,158.8,cpi
2002.0,Houston,159.36666666666667,cpi
2003.0,Houston,163.88333333333335,cpi
2004.0,Houston,169.73333333333335,cpi
2005.0,Houston,175.95000000000002,cpi
2006.0,Houston,180.71666666666667,cpi
2007.0,Houston,184.13233333333335,cpi
2008.0,Houston,189.95666666666668,cpi
2009.0,Houston,190.70416666666668,cpi
2010.0,Houston,194.32016666666667,cpi
2011.0,Houston,200.74616666666665,cpi
2012.0,Houston,204.2971666666667,cpi
2013.0,Houston,207.8801666666667,cpi
2014.0,Houston,213.46400000000003,cpi
2015.0,Houston,213.12916666666663,cpi
2016.0,Houston,216.64383333333333,cpi
2017.0,Houston,220.95900000000003,cpi
2018.0,Houston,226.359,cpi
2019.0,Houston,228.93500000000003,cpi
2020.0,Houston,229.11383333333333,cpi
2021.0,Houston,238.6642,cpi
1915.0,Atlanta,,cpi
1916.0,Atlanta,,cpi
1917.0,Atlanta,15.2,cpi
1918.0,Atlanta,18.2,cpi
1919.0,Atlanta,19.85,cpi
1920.0,Atlanta,21.9,cpi
1921.0,Atlanta,18.5,cpi
1922.0,Atlanta,17.4,cpi
1923.0,Atlanta,17.575,cpi
1924.0,Atlanta,17.3,cpi
1925.0,Atlanta,18.1,cpi
1926.0,Atlanta,17.9,cpi
1927.0,Atlanta,17.65,cpi
1928.0,Atlanta,17.35,cpi
1929.0,Atlanta,17.1,cpi
1930.0,Atlanta,16.15,cpi
1931.0,Atlanta,14.4,cpi
1932.0,Atlanta,13.0,cpi
1933.0,Atlanta,12.7,cpi
1934.0,Atlanta,13.25,cpi
1935.0,Atlanta,13.5,cpi
1936.0,Atlanta,13.76,cpi
1937.0,Atlanta,14.125000000000002,cpi
1938.0,Atlanta,13.75,cpi
1939.0,Atlanta,13.625000000000002,cpi
1940.0,Atlanta,13.649999999999999,cpi
1941.0,Atlanta,14.5,cpi
1942.0,Atlanta,16.025,cpi
1943.0,Atlanta,17.075,cpi
1944.0,Atlanta,17.375,cpi
1945.0,Atlanta,17.95,cpi
1946.0,Atlanta,19.525,cpi
1947.0,Atlanta,22.375,cpi
1948.0,Atlanta,23.825000000000003,cpi
1949.0,Atlanta,23.775,cpi
1950.0,Atlanta,24.05,cpi
1951.0,Atlanta,26.424999999999997,cpi
1952.0,Atlanta,27.059999999999995,cpi
1953.0,Atlanta,27.3,cpi
1954.0,Atlanta,27.200000000000003,cpi
1955.0,Atlanta,27.125,cpi
1956.0,Atlanta,27.55,cpi
1957.0,Atlanta,28.325,cpi
1958.0,Atlanta,29.05,cpi
1959.0,Atlanta,29.199999999999996,cpi
1960.0,Atlanta,29.650000000000002,cpi
1961.0,Atlanta,29.775,cpi
1962.0,Atlanta,30.049999999999997,cpi
1963.0,Atlanta,30.3,cpi
1964.0,Atlanta,30.799999999999997,cpi
1965.0,Atlanta,31.2,cpi
1966.0,Atlanta,32.25,cpi
1967.0,Atlanta,33.25,cpi
1968.0,Atlanta,34.625,cpi
1969.0,Atlanta,36.75,cpi
1970.0,Atlanta,38.8,cpi
1971.0,Atlanta,40.5,cpi
1972.0,Atlanta,41.724999999999994,cpi
1973.0,Atlanta,44.65,cpi
1974.0,Atlanta,49.724999999999994,cpi
1975.0,Atlanta,53.925,cpi
1976.0,Atlanta,56.25,cpi
1977.0,Atlanta,59.925,cpi
1978.0,Atlanta,64.05,cpi
1979.0,Atlanta,70.83333333333333,cpi
1980.0,Atlanta,80.85,cpi
1981.0,Atlanta,90.53333333333332,cpi
1982.0,Atlanta,96.2,cpi
1983.0,Atlanta,100.06666666666666,cpi
1984.0,Atlanta,104.26666666666667,cpi
1985.0,Atlanta,109.14999999999999,cpi
1986.0,Atlanta,112.26666666666667,cpi
1987.0,Atlanta,,cpi
1988.0,Atlanta,,cpi
1989.0,Atlanta,,cpi
1990.0,Atlanta,,cpi
1991.0,Atlanta,,cpi
1992.0,Atlanta,,cpi
1993.0,Atlanta,,cpi
1994.0,Atlanta,,cpi
1995.0,Atlanta,,cpi
1996.0,Atlanta,,cpi
1997.0,Atlanta,159.4,cpi
1998.0,Atlanta,161.3,cpi
1999.0,Atlanta,165.01666666666668,cpi
2000.0,Atlanta,170.78333333333333,cpi
2001.0,Atlanta,176.35,cpi
2002.0,Atlanta,178.36666666666667,cpi
2003.0,Atlanta,180.85,cpi
2004.0,Atlanta,183.33333333333334,cpi
2005.0,Atlanta,189.16666666666666,cpi
2006.0,Atlanta,194.08333333333334,cpi
2007.0,Atlanta,200.34533333333334,cpi
2008.0,Atlanta,206.22033333333334,cpi
2009.0,Atlanta,201.14333333333332,cpi
2010.0,Atlanta,203.55466666666666,cpi
2011.0,Atlanta,209.35666666666665,cpi
2012.0,Atlanta,212.8853333333333,cpi
2013.0,Atlanta,216.47566666666668,cpi
2014.0,Atlanta,221.05566666666667,cpi
2015.0,Atlanta,221.86099999999996,cpi
2016.0,Atlanta,225.73883333333333,cpi
2017.0,Atlanta,233.2173333333333,cpi
2018.0,Atlanta,238.62800000000001,cpi
2019.0,Atlanta,243.96483333333336,cpi
2020.0,Atlanta,246.793,cpi
2021.0,Atlanta,260.9144,cpi
1915.0,Miami,,cpi
1916.0,Miami,,cpi
1917.0,Miami,,cpi
1918.0,Miami,,cpi
1919.0,Miami,,cpi
1920.0,Miami,,cpi
1921.0,Miami,,cpi
1922.0,Miami,,cpi
1923.0,Miami,,cpi
1924.0,Miami,,cpi
1925.0,Miami,,cpi
1926.0,Miami,,cpi
1927.0,Miami,,cpi
1928.0,Miami,,cpi
1929.0,Miami,,cpi
1930.0,Miami,,cpi
1931.0,Miami,,cpi
1932.0,Miami,,cpi
1933.0,Miami,,cpi
1934.0,Miami,,cpi
1935.0,Miami,,cpi
1936.0,Miami,,cpi
1937.0,Miami,,cpi
1938.0,Miami,,cpi
1939.0,Miami,,cpi
1940.0,Miami,,cpi
1941.0,Miami,,cpi
1942.0,Miami,,cpi
1943.0,Miami,,cpi
1944.0,Miami,,cpi
1945.0,Miami,,cpi
1946.0,Miami,,cpi
1947.0,Miami,,cpi
1948.0,Miami,,cpi
1949.0,Miami,,cpi
1950.0,Miami,,cpi
1951.0,Miami,,cpi
1952.0,Miami,,cpi
1953.0,Miami,,cpi
1954.0,Miami,,cpi
1955.0,Miami,,cpi
1956.0,Miami,,cpi
1957.0,Miami,,cpi
1958.0,Miami,,cpi
1959.0,Miami,,cpi
1960.0,Miami,,cpi
1961.0,Miami,,cpi
1962.0,Miami,,cpi
1963.0,Miami,,cpi
1964.0,Miami,,cpi
1965.0,Miami,,cpi
1966.0,Miami,,cpi
1967.0,Miami,,cpi
1968.0,Miami,,cpi
1969.0,Miami,,cpi
1970.0,Miami,,cpi
1971.0,Miami,,cpi
1972.0,Miami,,cpi
1973.0,Miami,,cpi
1974.0,Miami,,cpi
1975.0,Miami,,cpi
1976.0,Miami,,cpi
1977.0,Miami,62.0,cpi
1978.0,Miami,64.58333333333333,cpi
1979.0,Miami,70.85000000000001,cpi
1980.0,Miami,80.80000000000001,cpi
1981.0,Miami,90.0,cpi
1982.0,Miami,96.56666666666666,cpi
1983.0,Miami,99.68333333333334,cpi
1984.0,Miami,103.41666666666667,cpi
1985.0,Miami,106.33333333333333,cpi
1986.0,Miami,107.88333333333333,cpi
1987.0,Miami,111.66666666666667,cpi
1988.0,Miami,116.61666666666666,cpi
1989.0,Miami,121.36666666666667,cpi
1990.0,Miami,127.68333333333332,cpi
1991.0,Miami,132.18333333333334,cpi
1992.0,Miami,134.36666666666667,cpi
1993.0,Miami,139.0,cpi
1994.0,Miami,143.36666666666667,cpi
1995.0,Miami,148.66666666666666,cpi
1996.0,Miami,153.4,cpi
1997.0,Miami,158.52857142857144,cpi
1998.0,Miami,160.6,cpi
1999.0,Miami,162.60000000000002,cpi
2000.0,Miami,168.05,cpi
2001.0,Miami,173.16666666666666,cpi
2002.0,Miami,175.75,cpi
2003.0,Miami,180.73333333333332,cpi
2004.0,Miami,185.85,cpi
2005.0,Miami,194.70000000000002,cpi
2006.0,Miami,204.26666666666668,cpi
2007.0,Miami,212.88633333333328,cpi
2008.0,Miami,222.16350000000003,cpi
2009.0,Miami,221.57983333333334,cpi
2010.0,Miami,223.1435,cpi
2011.0,Miami,231.13916666666668,cpi
2012.0,Miami,235.3425,cpi
2013.0,Miami,238.36266666666666,cpi
2014.0,Miami,243.2831666666667,cpi
2015.0,Miami,245.74283333333332,cpi
2016.0,Miami,250.25633333333334,cpi
2017.0,Miami,256.72066666666666,cpi
2018.0,Miami,265.622,cpi
2019.0,Miami,270.0725,cpi
2020.0,Miami,272.3635,cpi
2021.0,Miami,283.2602,cpi
1915.0,SanFrancisco,9.2,cpi
1916.0,SanFrancisco,10.0,cpi
1917.0,SanFrancisco,11.6,cpi
1918.0,SanFrancisco,14.1,cpi
1919.0,SanFrancisco,15.5,cpi
1920.0,SanFrancisco,17.0,cpi
1921.0,SanFrancisco,15.066666666666668,cpi
1922.0,SanFrancisco,14.6,cpi
1923.0,SanFrancisco,14.7,cpi
1924.0,SanFrancisco,14.675,cpi
1925.0,SanFrancisco,15.2,cpi
1926.0,SanFrancisco,15.0,cpi
1927.0,SanFrancisco,14.95,cpi
1928.0,SanFrancisco,14.9,cpi
1929.0,SanFrancisco,14.850000000000001,cpi
1930.0,SanFrancisco,14.35,cpi
1931.0,SanFrancisco,13.100000000000001,cpi
1932.0,SanFrancisco,12.1,cpi
1933.0,SanFrancisco,11.899999999999999,cpi
1934.0,SanFrancisco,12.35,cpi
1935.0,SanFrancisco,12.4,cpi
1936.0,SanFrancisco,12.36,cpi
1937.0,SanFrancisco,12.875,cpi
1938.0,SanFrancisco,12.8,cpi
1939.0,SanFrancisco,12.65,cpi
1940.0,SanFrancisco,12.716666666666667,cpi
1941.0,SanFrancisco,13.35,cpi
1942.0,SanFrancisco,14.958333333333334,cpi
1943.0,SanFrancisco,15.950000000000001,cpi
1944.0,SanFrancisco,16.358333333333334,cpi
1945.0,SanFrancisco,16.816666666666666,cpi
1946.0,SanFrancisco,18.150000000000002,cpi
1947.0,SanFrancisco,20.450000000000003,cpi
1948.0,SanFrancisco,22.125,cpi
1949.0,SanFrancisco,21.925,cpi
1950.0,SanFrancisco,22.125,cpi
1951.0,SanFrancisco,23.875,cpi
1952.0,SanFrancisco,24.674999999999997,cpi
1953.0,SanFrancisco,25.075,cpi
1954.0,SanFrancisco,25.025,cpi
1955.0,SanFrancisco,24.9,cpi
1956.0,SanFrancisco,25.575,cpi
1957.0,SanFrancisco,26.550000000000004,cpi
1958.0,SanFrancisco,27.525,cpi
1959.0,SanFrancisco,28.075000000000003,cpi
1960.0,SanFrancisco,28.6,cpi
1961.0,SanFrancisco,28.924999999999997,cpi
1962.0,SanFrancisco,29.4,cpi
1963.0,SanFrancisco,29.85,cpi
1964.0,SanFrancisco,30.275,cpi
1965.0,SanFrancisco,30.875,cpi
1966.0,SanFrancisco,31.675,cpi
1967.0,SanFrancisco,32.6,cpi
1968.0,SanFrancisco,34.1,cpi
1969.0,SanFrancisco,36.0,cpi
1970.0,SanFrancisco,37.825,cpi
1971.0,SanFrancisco,39.15,cpi
1972.0,SanFrancisco,40.574999999999996,cpi
1973.0,SanFrancisco,43.05,cpi
1974.0,SanFrancisco,47.45,cpi
1975.0,SanFrancisco,52.050000000000004,cpi
1976.0,SanFrancisco,54.849999999999994,cpi
1977.0,SanFrancisco,59.2,cpi
1978.0,SanFrancisco,64.5,cpi
1979.0,SanFrancisco,70.19999999999999,cpi
1980.0,SanFrancisco,80.76666666666665,cpi
1981.0,SanFrancisco,91.25000000000001,cpi
1982.0,SanFrancisco,97.58333333333333,cpi
1983.0,SanFrancisco,98.60000000000001,cpi
1984.0,SanFrancisco,104.28333333333335,cpi
1985.0,SanFrancisco,108.48333333333333,cpi
1986.0,SanFrancisco,111.76666666666667,cpi
1987.0,SanFrancisco,115.39166666666667,cpi
1988.0,SanFrancisco,120.49999999999999,cpi
1989.0,SanFrancisco,126.35000000000001,cpi
1990.0,SanFrancisco,132.04999999999998,cpi
1991.0,SanFrancisco,137.9083333333333,cpi
1992.0,SanFrancisco,142.5,cpi
1993.0,SanFrancisco,146.34166666666667,cpi
1994.0,SanFrancisco,148.65,cpi
1995.0,SanFrancisco,151.56666666666666,cpi
1996.0,SanFrancisco,155.0666666666667,cpi
1997.0,SanFrancisco,160.3833333333333,cpi
1998.0,SanFrancisco,165.74999999999997,cpi
1999.0,SanFrancisco,172.76666666666668,cpi
2000.0,SanFrancisco,180.58333333333334,cpi
2001.0,SanFrancisco,190.19999999999996,cpi
2002.0,SanFrancisco,193.08333333333334,cpi
2003.0,SanFrancisco,196.5333333333333,cpi
2004.0,SanFrancisco,198.98333333333332,cpi
2005.0,SanFrancisco,202.86666666666667,cpi
2006.0,SanFrancisco,209.53333333333333,cpi
2007.0,SanFrancisco,216.38783333333336,cpi
2008.0,SanFrancisco,222.77166666666668,cpi
2009.0,SanFrancisco,224.6338333333333,cpi
2010.0,SanFrancisco,227.6118333333333,cpi
2011.0,SanFrancisco,233.66899999999998,cpi
2012.0,SanFrancisco,239.86799999999997,cpi
2013.0,SanFrancisco,245.28116666666668,cpi
2014.0,SanFrancisco,252.2595,cpi
2015.0,SanFrancisco,258.81233333333336,cpi
2016.0,SanFrancisco,266.808,cpi
2017.0,SanFrancisco,275.3993333333333,cpi
2018.0,SanFrancisco,286.33750000000003,cpi
2019.0,SanFrancisco,295.3711666666667,cpi
2020.0,SanFrancisco,300.4436666666666,cpi
2021.0,SanFrancisco,309.547,cpi
1915.0,Tampa,,cpi
1916.0,Tampa,,cpi
1917.0,Tampa,,cpi
1918.0,Tampa,,cpi
1919.0,Tampa,,cpi
1920.0,Tampa,,cpi
1921.0,Tampa,,cpi
1922.0,Tampa,,cpi
1923.0,Tampa,,cpi
1924.0,Tampa,,cpi
1925.0,Tampa,,cpi
1926.0,Tampa,,cpi
1927.0,Tampa,,cpi
1928.0,Tampa,,cpi
1929.0,Tampa,,cpi
1930.0,Tampa,,cpi
1931.0,Tampa,,cpi
1932.0,Tampa,,cpi
1933.0,Tampa,,cpi
1934.0,Tampa,,cpi
1935.0,Tampa,,cpi
1936.0,Tampa,,cpi
1937.0,Tampa,,cpi
1938.0,Tampa,,cpi
1939.0,Tampa,,cpi
1940.0,Tampa,,cpi
1941.0,Tampa,,cpi
1942.0,Tampa,,cpi
1943.0,Tampa,,cpi
1944.0,Tampa,,cpi
1945.0,Tampa,,cpi
1946.0,Tampa,,cpi
1947.0,Tampa,,cpi
1948.0,Tampa,,cpi
1949.0,Tampa,,cpi
1950.0,Tampa,,cpi
1951.0,Tampa,,cpi
1952.0,Tampa,,cpi
1953.0,Tampa,,cpi
1954.0,Tampa,,cpi
1955.0,Tampa,,cpi
1956.0,Tampa,,cpi
1957.0,Tampa,,cpi
1958.0,Tampa,,cpi
1959.0,Tampa,,cpi
1960.0,Tampa,,cpi
1961.0,Tampa,,cpi
1962.0,Tampa,,cpi
1963.0,Tampa,,cpi
1964.0,Tampa,,cpi
1965.0,Tampa,,cpi
1966.0,Tampa,,cpi
1967.0,Tampa,,cpi
1968.0,Tampa,,cpi
1969.0,Tampa,,cpi
1970.0,Tampa,,cpi
1971.0,Tampa,,cpi
1972.0,Tampa,,cpi
1973.0,Tampa,,cpi
1974.0,Tampa,,cpi
1975.0,Tampa,,cpi
1976.0,Tampa,,cpi
1977.0,Tampa,,cpi
1978.0,Tampa,,cpi
1979.0,Tampa,,cpi
1980.0,Tampa,,cpi
1981.0,Tampa,,cpi
1982.0,Tampa,,cpi
1983.0,Tampa,,cpi
1984.0,Tampa,,cpi
1985.0,Tampa,,cpi
1986.0,Tampa,,cpi
1987.0,Tampa,,cpi
1988.0,Tampa,,cpi
1989.0,Tampa,,cpi
1990.0,Tampa,,cpi
1991.0,Tampa,,cpi
1992.0,Tampa,,cpi
1993.0,Tampa,,cpi
1994.0,Tampa,,cpi
1995.0,Tampa,,cpi
1996.0,Tampa,,cpi
1997.0,Tampa,134.6,cpi
1998.0,Tampa,137.5,cpi
1999.0,Tampa,140.60000000000002,cpi
2000.0,Tampa,145.64999999999998,cpi
2001.0,Tampa,148.8,cpi
2002.0,Tampa,153.89999999999998,cpi
2003.0,Tampa,158.1,cpi
2004.0,Tampa,162.0,cpi
2005.0,Tampa,168.5,cpi
2006.0,Tampa,175.25,cpi
2007.0,Tampa,184.2875,cpi
2008.0,Tampa,190.136,cpi
2009.0,Tampa,189.905,cpi
2010.0,Tampa,193.50400000000002,cpi
2011.0,Tampa,198.938,cpi
2012.0,Tampa,203.637,cpi
2013.0,Tampa,206.786,cpi
2014.0,Tampa,210.8155,cpi
2015.0,Tampa,211.5565,cpi
2016.0,Tampa,214.037,cpi
2017.0,Tampa,219.4615,cpi
2018.0,Tampa,224.2625,cpi
2019.0,Tampa,228.1345,cpi
2020.0,Tampa,233.8435,cpi
2021.0,Tampa,243.219,cpi
1915.0,Minneapolis,,cpi
1916.0,Minneapolis,,cpi
1917.0,Minneapolis,,cpi
1918.0,Minneapolis,,cpi
1919.0,Minneapolis,,cpi
1920.0,Minneapolis,,cpi
1921.0,Minneapolis,,cpi
1922.0,Minneapolis,,cpi
1923.0,Minneapolis,,cpi
1924.0,Minneapolis,,cpi
1925.0,Minneapolis,,cpi
1926.0,Minneapolis,,cpi
1927.0,Minneapolis,,cpi
1928.0,Minneapolis,,cpi
1929.0,Minneapolis,,cpi
1930.0,Minneapolis,,cpi
1931.0,Minneapolis,,cpi
1932.0,Minneapolis,,cpi
1933.0,Minneapolis,,cpi
1934.0,Minneapolis,,cpi
1935.0,Minneapolis,,cpi
1936.0,Minneapolis,,cpi
1937.0,Minneapolis,,cpi
1938.0,Minneapolis,,cpi
1939.0,Minneapolis,,cpi
1940.0,Minneapolis,,cpi
1941.0,Minneapolis,,cpi
1942.0,Minneapolis,,cpi
1943.0,Minneapolis,,cpi
1944.0,Minneapolis,,cpi
1945.0,Minneapolis,,cpi
1946.0,Minneapolis,,cpi
1947.0,Minneapolis,,cpi
1948.0,Minneapolis,,cpi
1949.0,Minneapolis,,cpi
1950.0,Minneapolis,,cpi
1951.0,Minneapolis,,cpi
1952.0,Minneapolis,,cpi
1953.0,Minneapolis,,cpi
1954.0,Minneapolis,,cpi
1955.0,Minneapolis,,cpi
1956.0,Minneapolis,,cpi
1957.0,Minneapolis,,cpi
1958.0,Minneapolis,,cpi
1959.0,Minneapolis,,cpi
1960.0,Minneapolis,,cpi
1961.0,Minneapolis,,cpi
1962.0,Minneapolis,,cpi
1963.0,Minneapolis,,cpi
1964.0,Minneapolis,,cpi
1965.0,Minneapolis,,cpi
1966.0,Minneapolis,,cpi
1967.0,Minneapolis,,cpi
1968.0,Minneapolis,,cpi
1969.0,Minneapolis,,cpi
1970.0,Minneapolis,,cpi
1971.0,Minneapolis,,cpi
1972.0,Minneapolis,,cpi
1973.0,Minneapolis,,cpi
1974.0,Minneapolis,,cpi
1975.0,Minneapolis,,cpi
1976.0,Minneapolis,,cpi
1977.0,Minneapolis,,cpi
1978.0,Minneapolis,,cpi
1979.0,Minneapolis,,cpi
1980.0,Minneapolis,,cpi
1981.0,Minneapolis,,cpi
1982.0,Minneapolis,,cpi
1983.0,Minneapolis,,cpi
1984.0,Minneapolis,103.1,cpi
1985.0,Minneapolis,107.0,cpi
1986.0,Minneapolis,108.4,cpi
1987.0,Minneapolis,111.6,cpi
1988.0,Minneapolis,117.2,cpi
1989.0,Minneapolis,122.0,cpi
1990.0,Minneapolis,127.0,cpi
1991.0,Minneapolis,130.4,cpi
1992.0,Minneapolis,135.0,cpi
1993.0,Minneapolis,139.2,cpi
1994.0,Minneapolis,143.6,cpi
1995.0,Minneapolis,147.0,cpi
1996.0,Minneapolis,151.9,cpi
1997.0,Minneapolis,155.4,cpi
1998.0,Minneapolis,158.3,cpi
1999.0,Minneapolis,163.3,cpi
2000.0,Minneapolis,170.1,cpi
2001.0,Minneapolis,176.5,cpi
2002.0,Minneapolis,179.6,cpi
2003.0,Minneapolis,182.7,cpi
2004.0,Minneapolis,187.9,cpi
2005.0,Minneapolis,193.1,cpi
2006.0,Minneapolis,196.2,cpi
2007.0,Minneapolis,201.247,cpi
2008.0,Minneapolis,208.958,cpi
2009.0,Minneapolis,207.889,cpi
2010.0,Minneapolis,211.728,cpi
2011.0,Minneapolis,219.339,cpi
2012.0,Minneapolis,224.459,cpi
2013.0,Minneapolis,228.811,cpi
2014.0,Minneapolis,232.013,cpi
2015.0,Minneapolis,230.567,cpi
2016.0,Minneapolis,234.145,cpi
2017.0,Minneapolis,239.239,cpi
2018.0,Minneapolis,244.969,cpi
2019.0,Minneapolis,250.106,cpi
2020.0,Minneapolis,252.997,cpi
2021.0,Minneapolis,,cpi
1915.0,StLouis,,cpi
1916.0,StLouis,,cpi
1917.0,StLouis,,cpi
1918.0,StLouis,,cpi
1919.0,StLouis,,cpi
1920.0,StLouis,,cpi
1921.0,StLouis,,cpi
1922.0,StLouis,,cpi
1923.0,StLouis,,cpi
1924.0,StLouis,,cpi
1925.0,StLouis,,cpi
1926.0,StLouis,,cpi
1927.0,StLouis,,cpi
1928.0,StLouis,,cpi
1929.0,StLouis,,cpi
1930.0,StLouis,,cpi
1931.0,StLouis,,cpi
1932.0,StLouis,,cpi
1933.0,StLouis,,cpi
1934.0,StLouis,,cpi
1935.0,StLouis,,cpi
1936.0,StLouis,,cpi
1937.0,StLouis,,cpi
1938.0,StLouis,,cpi
1939.0,StLouis,,cpi
1940.0,StLouis,,cpi
1941.0,StLouis,,cpi
1942.0,StLouis,,cpi
1943.0,StLouis,,cpi
1944.0,StLouis,,cpi
1945.0,StLouis,,cpi
1946.0,StLouis,,cpi
1947.0,StLouis,,cpi
1948.0,StLouis,,cpi
1949.0,StLouis,,cpi
1950.0,StLouis,,cpi
1951.0,StLouis,,cpi
1952.0,StLouis,,cpi
1953.0,StLouis,,cpi
1954.0,StLouis,,cpi
1955.0,StLouis,,cpi
1956.0,StLouis,,cpi
1957.0,StLouis,,cpi
1958.0,StLouis,,cpi
1959.0,StLouis,,cpi
1960.0,StLouis,,cpi
1961.0,StLouis,,cpi
1962.0,StLouis,,cpi
1963.0,StLouis,,cpi
1964.0,StLouis,,cpi
1965.0,StLouis,,cpi
1966.0,StLouis,,cpi
1967.0,StLouis,,cpi
1968.0,StLouis,,cpi
1969.0,StLouis,,cpi
1970.0,StLouis,,cpi
1971.0,StLouis,,cpi
1972.0,StLouis,,cpi
1973.0,StLouis,,cpi
1974.0,StLouis,,cpi
1975.0,StLouis,,cpi
1976.0,StLouis,,cpi
1977.0,StLouis,,cpi
1978.0,StLouis,,cpi
1979.0,StLouis,,cpi
1980.0,StLouis,,cpi
1981.0,StLouis,,cpi
1982.0,StLouis,,cpi
1983.0,StLouis,,cpi
1984.0,StLouis,103.30000000000001,cpi
1985.0,StLouis,107.1,cpi
1986.0,StLouis,108.65,cpi
1987.0,StLouis,112.15,cpi
1988.0,StLouis,115.75,cpi
1989.0,StLouis,121.85,cpi
1990.0,StLouis,128.14999999999998,cpi
1991.0,StLouis,132.1,cpi
1992.0,StLouis,134.7,cpi
1993.0,StLouis,137.45,cpi
1994.0,StLouis,141.3,cpi
1995.0,StLouis,145.25,cpi
1996.0,StLouis,149.60000000000002,cpi
1997.0,StLouis,152.89999999999998,cpi
1998.0,StLouis,154.5,cpi
1999.0,StLouis,157.60000000000002,cpi
2000.0,StLouis,163.05,cpi
2001.0,StLouis,167.3,cpi
2002.0,StLouis,169.05,cpi
2003.0,StLouis,173.4,cpi
2004.0,StLouis,180.35,cpi
2005.0,StLouis,186.2,cpi
2006.0,StLouis,189.55,cpi
2007.0,StLouis,193.23149999999998,cpi
2008.0,StLouis,198.7,cpi
2009.0,StLouis,198.472,cpi
2010.0,StLouis,203.187,cpi
2011.0,StLouis,209.776,cpi
2012.0,StLouis,214.76749999999998,cpi
2013.0,StLouis,217.965,cpi
2014.0,StLouis,220.21699999999998,cpi
2015.0,StLouis,219.32150000000001,cpi
2016.0,StLouis,221.0745,cpi
2017.0,StLouis,224.747,cpi
2018.0,StLouis,228.8515,cpi
2019.0,StLouis,231.187,cpi
2020.0,StLouis,232.906,cpi
2021.0,StLouis,240.373,cpi
1915.0,Seattle,9.1,cpi
1916.0,Seattle,9.7,cpi
1917.0,Seattle,11.8,cpi
1918.0,Seattle,15.4,cpi
1919.0,Seattle,17.1,cpi
1920.0,Seattle,18.75,cpi
1921.0,Seattle,16.366666666666667,cpi
1922.0,Seattle,15.575,cpi
1923.0,Seattle,15.450000000000001,cpi
1924.0,Seattle,15.55,cpi
1925.0,Seattle,16.0,cpi
1926.0,Seattle,15.75,cpi
1927.0,Seattle,15.600000000000001,cpi
1928.0,Seattle,15.350000000000001,cpi
1929.0,Seattle,15.5,cpi
1930.0,Seattle,14.95,cpi
1931.0,Seattle,13.65,cpi
1932.0,Seattle,12.35,cpi
1933.0,Seattle,12.05,cpi
1934.0,Seattle,12.3,cpi
1935.0,Seattle,12.566666666666668,cpi
1936.0,Seattle,12.739999999999998,cpi
1937.0,Seattle,13.375,cpi
1938.0,Seattle,13.225000000000001,cpi
1939.0,Seattle,13.15,cpi
1940.0,Seattle,13.216666666666667,cpi
1941.0,Seattle,14.008333333333333,cpi
1942.0,Seattle,15.75,cpi
1943.0,Seattle,16.650000000000002,cpi
1944.0,Seattle,16.941666666666666,cpi
1945.0,Seattle,17.316666666666666,cpi
1946.0,Seattle,18.64166666666667,cpi
1947.0,Seattle,20.837500000000002,cpi
1948.0,Seattle,22.85,cpi
1949.0,Seattle,22.75,cpi
1950.0,Seattle,23.0,cpi
1951.0,Seattle,24.875,cpi
1952.0,Seattle,25.525000000000002,cpi
1953.0,Seattle,25.749999999999996,cpi
1954.0,Seattle,25.775000000000002,cpi
1955.0,Seattle,25.924999999999997,cpi
1956.0,Seattle,26.224999999999998,cpi
1957.0,Seattle,27.35,cpi
1958.0,Seattle,27.95,cpi
1959.0,Seattle,28.474999999999998,cpi
1960.0,Seattle,28.8,cpi
1961.0,Seattle,29.3,cpi
1962.0,Seattle,29.75,cpi
1963.0,Seattle,30.225,cpi
1964.0,Seattle,30.625,cpi
1965.0,Seattle,30.95,cpi
1966.0,Seattle,31.875,cpi
1967.0,Seattle,32.8,cpi
1968.0,Seattle,34.150000000000006,cpi
1969.0,Seattle,35.8,cpi
1970.0,Seattle,37.400000000000006,cpi
1971.0,Seattle,38.175,cpi
1972.0,Seattle,39.275,cpi
1973.0,Seattle,41.8,cpi
1974.0,Seattle,46.4,cpi
1975.0,Seattle,51.125,cpi
1976.0,Seattle,53.949999999999996,cpi
1977.0,Seattle,58.25,cpi
1978.0,Seattle,63.650000000000006,cpi
1979.0,Seattle,70.48333333333333,cpi
1980.0,Seattle,82.3,cpi
1981.0,Seattle,91.35000000000001,cpi
1982.0,Seattle,97.68333333333334,cpi
1983.0,Seattle,99.14999999999999,cpi
1984.0,Seattle,102.84999999999998,cpi
1985.0,Seattle,105.5,cpi
1986.0,Seattle,106.7,cpi
1987.0,Seattle,,cpi
1988.0,Seattle,,cpi
1989.0,Seattle,,cpi
1990.0,Seattle,,cpi
1991.0,Seattle,,cpi
1992.0,Seattle,,cpi
1993.0,Seattle,,cpi
1994.0,Seattle,,cpi
1995.0,Seattle,,cpi
1996.0,Seattle,,cpi
1997.0,Seattle,165.0,cpi
1998.0,Seattle,167.93333333333334,cpi
1999.0,Seattle,173.0,cpi
2000.0,Seattle,179.5,cpi
2001.0,Seattle,185.88333333333333,cpi
2002.0,Seattle,189.5,cpi
2003.0,Seattle,192.39999999999998,cpi
2004.0,Seattle,194.88333333333333,cpi
2005.0,Seattle,200.4666666666667,cpi
2006.0,Seattle,207.98333333333335,cpi
2007.0,Seattle,216.05866666666665,cpi
2008.0,Seattle,224.87199999999999,cpi
2009.0,Seattle,226.15383333333332,cpi
2010.0,Seattle,226.7456666666667,cpi
2011.0,Seattle,233.0973333333333,cpi
2012.0,Seattle,238.79599999999996,cpi
2013.0,Seattle,241.6916666666667,cpi
2014.0,Seattle,246.18616666666665,cpi
2015.0,Seattle,249.59366666666665,cpi
2016.0,Seattle,255.254,cpi
2017.0,Seattle,263.1091666666667,cpi
2018.0,Seattle,271.4096666666667,cpi
2019.0,Seattle,278.18149999999997,cpi
2020.0,Seattle,282.7455,cpi
2021.0,Seattle,293.32375,cpi
1915.0,Denver,,cpi
1916.0,Denver,,cpi
1917.0,Denver,,cpi
1918.0,Denver,,cpi
1919.0,Denver,,cpi
1920.0,Denver,,cpi
1921.0,Denver,,cpi
1922.0,Denver,,cpi
1923.0,Denver,,cpi
1924.0,Denver,,cpi
1925.0,Denver,,cpi
1926.0,Denver,,cpi
1927.0,Denver,,cpi
1928.0,Denver,,cpi
1929.0,Denver,,cpi
1930.0,Denver,,cpi
1931.0,Denver,,cpi
1932.0,Denver,,cpi
1933.0,Denver,,cpi
1934.0,Denver,,cpi
1935.0,Denver,,cpi
1936.0,Denver,,cpi
1937.0,Denver,,cpi
1938.0,Denver,,cpi
1939.0,Denver,,cpi
1940.0,Denver,,cpi
1941.0,Denver,,cpi
1942.0,Denver,,cpi
1943.0,Denver,,cpi
1944.0,Denver,,cpi
1945.0,Denver,,cpi
1946.0,Denver,,cpi
1947.0,Denver,,cpi
1948.0,Denver,,cpi
1949.0,Denver,,cpi
1950.0,Denver,,cpi
1951.0,Denver,,cpi
1952.0,Denver,,cpi
1953.0,Denver,,cpi
1954.0,Denver,,cpi
1955.0,Denver,,cpi
1956.0,Denver,,cpi
1957.0,Denver,,cpi
1958.0,Denver,,cpi
1959.0,Denver,,cpi
1960.0,Denver,,cpi
1961.0,Denver,,cpi
1962.0,Denver,,cpi
1963.0,Denver,,cpi
1964.0,Denver,,cpi
1965.0,Denver,,cpi
1966.0,Denver,,cpi
1967.0,Denver,,cpi
1968.0,Denver,,cpi
1969.0,Denver,,cpi
1970.0,Denver,,cpi
1971.0,Denver,,cpi
1972.0,Denver,,cpi
1973.0,Denver,,cpi
1974.0,Denver,,cpi
1975.0,Denver,,cpi
1976.0,Denver,,cpi
1977.0,Denver,,cpi
1978.0,Denver,,cpi
1979.0,Denver,,cpi
1980.0,Denver,,cpi
1981.0,Denver,,cpi
1982.0,Denver,,cpi
1983.0,Denver,,cpi
1984.0,Denver,104.3,cpi
1985.0,Denver,107.1,cpi
1986.0,Denver,107.9,cpi
1987.0,Denver,110.8,cpi
1988.0,Denver,113.7,cpi
1989.0,Denver,115.8,cpi
1990.0,Denver,120.9,cpi
1991.0,Denver,125.6,cpi
1992.0,Denver,130.3,cpi
1993.0,Denver,135.8,cpi
1994.0,Denver,141.8,cpi
1995.0,Denver,147.9,cpi
1996.0,Denver,153.1,cpi
1997.0,Denver,158.1,cpi
1998.0,Denver,161.9,cpi
1999.0,Denver,166.6,cpi
2000.0,Denver,173.2,cpi
2001.0,Denver,181.3,cpi
2002.0,Denver,184.8,cpi
2003.0,Denver,186.8,cpi
2004.0,Denver,187.0,cpi
2005.0,Denver,190.9,cpi
2006.0,Denver,197.7,cpi
2007.0,Denver,202.029,cpi
2008.0,Denver,209.903,cpi
2009.0,Denver,208.548,cpi
2010.0,Denver,212.447,cpi
2011.0,Denver,220.288,cpi
2012.0,Denver,224.568,cpi
2013.0,Denver,230.791,cpi
2014.0,Denver,237.2,cpi
2015.0,Denver,239.99,cpi
2016.0,Denver,246.643,cpi
2017.0,Denver,254.995,cpi
2018.0,Denver,261.958,cpi
2019.0,Denver,266.999,cpi
2020.0,Denver,272.207,cpi
2021.0,Denver,,cpi
1915.0,WashingtonDC,,cpi
1916.0,WashingtonDC,,cpi
1917.0,WashingtonDC,,cpi
1918.0,WashingtonDC,,cpi
1919.0,WashingtonDC,,cpi
1920.0,WashingtonDC,,cpi
1921.0,WashingtonDC,,cpi
1922.0,WashingtonDC,,cpi
1923.0,WashingtonDC,,cpi
1924.0,WashingtonDC,,cpi
1925.0,WashingtonDC,,cpi
1926.0,WashingtonDC,,cpi
1927.0,WashingtonDC,,cpi
1928.0,WashingtonDC,,cpi
1929.0,WashingtonDC,,cpi
1930.0,WashingtonDC,,cpi
1931.0,WashingtonDC,,cpi
1932.0,WashingtonDC,,cpi
1933.0,WashingtonDC,,cpi
1934.0,WashingtonDC,,cpi
1935.0,WashingtonDC,,cpi
1936.0,WashingtonDC,,cpi
1937.0,WashingtonDC,,cpi
1938.0,WashingtonDC,,cpi
1939.0,WashingtonDC,,cpi
1940.0,WashingtonDC,,cpi
1941.0,WashingtonDC,,cpi
1942.0,WashingtonDC,,cpi
1943.0,WashingtonDC,,cpi
1944.0,WashingtonDC,,cpi
1945.0,WashingtonDC,,cpi
1946.0,WashingtonDC,,cpi
1947.0,WashingtonDC,,cpi
1948.0,WashingtonDC,,cpi
1949.0,WashingtonDC,,cpi
1950.0,WashingtonDC,,cpi
1951.0,WashingtonDC,,cpi
1952.0,WashingtonDC,,cpi
1953.0,WashingtonDC,,cpi
1954.0,WashingtonDC,,cpi
1955.0,WashingtonDC,,cpi
1956.0,WashingtonDC,,cpi
1957.0,WashingtonDC,,cpi
1958.0,WashingtonDC,,cpi
1959.0,WashingtonDC,,cpi
1960.0,WashingtonDC,,cpi
1961.0,WashingtonDC,,cpi
1962.0,WashingtonDC,,cpi
1963.0,WashingtonDC,,cpi
1964.0,WashingtonDC,,cpi
1965.0,WashingtonDC,,cpi
1966.0,WashingtonDC,,cpi
1967.0,WashingtonDC,,cpi
1968.0,WashingtonDC,,cpi
1969.0,WashingtonDC,,cpi
1970.0,WashingtonDC,,cpi
1971.0,WashingtonDC,,cpi
1972.0,WashingtonDC,,cpi
1973.0,WashingtonDC,,cpi
1974.0,WashingtonDC,,cpi
1975.0,WashingtonDC,,cpi
1976.0,WashingtonDC,,cpi
1977.0,WashingtonDC,,cpi
1978.0,WashingtonDC,,cpi
1979.0,WashingtonDC,,cpi
1980.0,WashingtonDC,,cpi
1981.0,WashingtonDC,,cpi
1982.0,WashingtonDC,,cpi
1983.0,WashingtonDC,,cpi
1984.0,WashingtonDC,,cpi
1985.0,WashingtonDC,,cpi
1986.0,WashingtonDC,,cpi
1987.0,WashingtonDC,,cpi
1988.0,WashingtonDC,,cpi
1989.0,WashingtonDC,,cpi
1990.0,WashingtonDC,,cpi
1991.0,WashingtonDC,,cpi
1992.0,WashingtonDC,,cpi
1993.0,WashingtonDC,,cpi
1994.0,WashingtonDC,,cpi
1995.0,WashingtonDC,,cpi
1996.0,WashingtonDC,,cpi
1997.0,WashingtonDC,,cpi
1998.0,WashingtonDC,,cpi
1999.0,WashingtonDC,,cpi
2000.0,WashingtonDC,173.4333333333333,cpi
2001.0,WashingtonDC,178.44999999999996,cpi
2002.0,WashingtonDC,183.48333333333335,cpi
2003.0,WashingtonDC,189.20000000000002,cpi
2004.0,WashingtonDC,194.45000000000002,cpi
2005.0,WashingtonDC,202.18333333333337,cpi
2006.0,WashingtonDC,208.96666666666667,cpi
2007.0,WashingtonDC,215.93983333333333,cpi
2008.0,WashingtonDC,224.8373333333333,cpi
2009.0,WashingtonDC,224.64016666666666,cpi
2010.0,WashingtonDC,229.0205,cpi
2011.0,WashingtonDC,236.7318333333333,cpi
2012.0,WashingtonDC,242.22300000000004,cpi
2013.0,WashingtonDC,245.95483333333337,cpi
2014.0,WashingtonDC,249.77416666666667,cpi
2015.0,WashingtonDC,250.60533333333333,cpi
2016.0,WashingtonDC,253.36366666666666,cpi
2017.0,WashingtonDC,256.10633333333334,cpi
2018.0,WashingtonDC,261.3678333333333,cpi
2019.0,WashingtonDC,264.704,cpi
2020.0,WashingtonDC,267.0543333333333,cpi
2021.0,WashingtonDC,275.7472,cpi
1915.0,LosAngeles,,cpi
1916.0,LosAngeles,,cpi
1917.0,LosAngeles,,cpi
1918.0,LosAngeles,,cpi
1919.0,LosAngeles,,cpi
1920.0,LosAngeles,,cpi
1921.0,LosAngeles,,cpi
1922.0,LosAngeles,,cpi
1923.0,LosAngeles,,cpi
1924.0,LosAngeles,,cpi
1925.0,LosAngeles,,cpi
1926.0,LosAngeles,,cpi
1927.0,LosAngeles,,cpi
1928.0,LosAngeles,,cpi
1929.0,LosAngeles,,cpi
1930.0,LosAngeles,,cpi
1931.0,LosAngeles,,cpi
1932.0,LosAngeles,,cpi
1933.0,LosAngeles,,cpi
1934.0,LosAngeles,,cpi
1935.0,LosAngeles,,cpi
1936.0,LosAngeles,,cpi
1937.0,LosAngeles,,cpi
1938.0,LosAngeles,,cpi
1939.0,LosAngeles,,cpi
1940.0,LosAngeles,,cpi
1941.0,LosAngeles,,cpi
1942.0,LosAngeles,,cpi
1943.0,LosAngeles,,cpi
1944.0,LosAngeles,,cpi
1945.0,LosAngeles,,cpi
1946.0,LosAngeles,,cpi
1947.0,LosAngeles,,cpi
1948.0,LosAngeles,,cpi
1949.0,LosAngeles,,cpi
1950.0,LosAngeles,,cpi
1951.0,LosAngeles,,cpi
1952.0,LosAngeles,,cpi
1953.0,LosAngeles,,cpi
1954.0,LosAngeles,,cpi
1955.0,LosAngeles,,cpi
1956.0,LosAngeles,,cpi
1957.0,LosAngeles,,cpi
1958.0,LosAngeles,,cpi
1959.0,LosAngeles,,cpi
1960.0,LosAngeles,,cpi
1961.0,LosAngeles,,cpi
1962.0,LosAngeles,,cpi
1963.0,LosAngeles,,cpi
1964.0,LosAngeles,,cpi
1965.0,LosAngeles,,cpi
1966.0,LosAngeles,,cpi
1967.0,LosAngeles,,cpi
1968.0,LosAngeles,,cpi
1969.0,LosAngeles,,cpi
1970.0,LosAngeles,,cpi
1971.0,LosAngeles,,cpi
1972.0,LosAngeles,,cpi
1973.0,LosAngeles,,cpi
1974.0,LosAngeles,,cpi
1975.0,LosAngeles,,cpi
1976.0,LosAngeles,,cpi
1977.0,LosAngeles,,cpi
1978.0,LosAngeles,,cpi
1979.0,LosAngeles,,cpi
1980.0,LosAngeles,,cpi
1981.0,LosAngeles,,cpi
1982.0,LosAngeles,,cpi
1983.0,LosAngeles,,cpi
1984.0,LosAngeles,,cpi
1985.0,LosAngeles,,cpi
1986.0,LosAngeles,,cpi
1987.0,LosAngeles,,cpi
1988.0,LosAngeles,,cpi
1989.0,LosAngeles,,cpi
1990.0,LosAngeles,,cpi
1991.0,LosAngeles,,cpi
1992.0,LosAngeles,,cpi
1993.0,LosAngeles,,cpi
1994.0,LosAngeles,,cpi
1995.0,LosAngeles,,cpi
1996.0,LosAngeles,,cpi
1997.0,LosAngeles,,cpi
1998.0,LosAngeles,,cpi
1999.0,LosAngeles,,cpi
2000.0,LosAngeles,171.54999999999998,cpi
2001.0,LosAngeles,177.31666666666663,cpi
2002.0,LosAngeles,182.23333333333335,cpi
2003.0,LosAngeles,186.95833333333334,cpi
2004.0,LosAngeles,193.19999999999996,cpi
2005.0,LosAngeles,201.83333333333334,cpi
2006.0,LosAngeles,210.4416666666667,cpi
2007.0,LosAngeles,217.33758333333333,cpi
2008.0,LosAngeles,225.0075833333333,cpi
2009.0,LosAngeles,223.21850000000003,cpi
2010.0,LosAngeles,225.89416666666668,cpi
2011.0,LosAngeles,231.92841666666664,cpi
2012.0,LosAngeles,236.64766666666665,cpi
2013.0,LosAngeles,239.20700000000002,cpi
2014.0,LosAngeles,242.43408333333335,cpi
2015.0,LosAngeles,244.63208333333333,cpi
2016.0,LosAngeles,249.24608333333333,cpi
2017.0,LosAngeles,256.21025000000003,cpi
2018.0,LosAngeles,265.96225,cpi
2019.0,LosAngeles,274.1144166666666,cpi
2020.0,LosAngeles,278.56725,cpi
2021.0,LosAngeles,286.8056666666667,cpi
1915.0,Baltimore,,cpi
1916.0,Baltimore,,cpi
1917.0,Baltimore,,cpi
1918.0,Baltimore,,cpi
1919.0,Baltimore,,cpi
1920.0,Baltimore,,cpi
1921.0,Baltimore,,cpi
1922.0,Baltimore,,cpi
1923.0,Baltimore,,cpi
1924.0,Baltimore,,cpi
1925.0,Baltimore,,cpi
1926.0,Baltimore,,cpi
1927.0,Baltimore,,cpi
1928.0,Baltimore,,cpi
1929.0,Baltimore,,cpi
1930.0,Baltimore,,cpi
1931.0,Baltimore,,cpi
1932.0,Baltimore,,cpi
1933.0,Baltimore,,cpi
1934.0,Baltimore,,cpi
1935.0,Baltimore,,cpi
1936.0,Baltimore,,cpi
1937.0,Baltimore,,cpi
1938.0,Baltimore,,cpi
1939.0,Baltimore,,cpi
1940.0,Baltimore,,cpi
1941.0,Baltimore,,cpi
1942.0,Baltimore,,cpi
1943.0,Baltimore,,cpi
1944.0,Baltimore,,cpi
1945.0,Baltimore,,cpi
1946.0,Baltimore,,cpi
1947.0,Baltimore,,cpi
1948.0,Baltimore,,cpi
1949.0,Baltimore,,cpi
1950.0,Baltimore,,cpi
1951.0,Baltimore,,cpi
1952.0,Baltimore,,cpi
1953.0,Baltimore,,cpi
1954.0,Baltimore,,cpi
1955.0,Baltimore,,cpi
1956.0,Baltimore,,cpi
1957.0,Baltimore,,cpi
1958.0,Baltimore,,cpi
1959.0,Baltimore,,cpi
1960.0,Baltimore,,cpi
1961.0,Baltimore,,cpi
1962.0,Baltimore,,cpi
1963.0,Baltimore,,cpi
1964.0,Baltimore,,cpi
1965.0,Baltimore,,cpi
1966.0,Baltimore,,cpi
1967.0,Baltimore,,cpi
1968.0,Baltimore,,cpi
1969.0,Baltimore,,cpi
1970.0,Baltimore,,cpi
1971.0,Baltimore,,cpi
1972.0,Baltimore,,cpi
1973.0,Baltimore,,cpi
1974.0,Baltimore,,cpi
1975.0,Baltimore,,cpi
1976.0,Baltimore,,cpi
1977.0,Baltimore,,cpi
1978.0,Baltimore,,cpi
1979.0,Baltimore,,cpi
1980.0,Baltimore,,cpi
1981.0,Baltimore,,cpi
1982.0,Baltimore,,cpi
1983.0,Baltimore,,cpi
1984.0,Baltimore,,cpi
1985.0,Baltimore,,cpi
1986.0,Baltimore,,cpi
1987.0,Baltimore,,cpi
1988.0,Baltimore,,cpi
1989.0,Baltimore,,cpi
1990.0,Baltimore,,cpi
1991.0,Baltimore,,cpi
1992.0,Baltimore,,cpi
1993.0,Baltimore,,cpi
1994.0,Baltimore,,cpi
1995.0,Baltimore,,cpi
1996.0,Baltimore,,cpi
1997.0,Baltimore,,cpi
1998.0,Baltimore,,cpi
1999.0,Baltimore,,cpi
2000.0,Baltimore,165.88333333333335,cpi
2001.0,Baltimore,169.60000000000002,cpi
2002.0,Baltimore,171.13333333333333,cpi
2003.0,Baltimore,175.46666666666667,cpi
2004.0,Baltimore,180.3166666666667,cpi
2005.0,Baltimore,187.63333333333333,cpi
2006.0,Baltimore,196.08333333333337,cpi
2007.0,Baltimore,203.81866666666667,cpi
2008.0,Baltimore,216.43366666666665,cpi
2009.0,Baltimore,218.12983333333332,cpi
2010.0,Baltimore,220.67333333333332,cpi
2011.0,Baltimore,227.79899999999998,cpi
2012.0,Baltimore,232.41533333333336,cpi
2013.0,Baltimore,235.79549999999998,cpi
2014.0,Baltimore,240.16333333333333,cpi
2015.0,Baltimore,240.59033333333335,cpi
2016.0,Baltimore,243.83533333333335,cpi
2017.0,Baltimore,248.72328571428574,cpi
2018.0,Baltimore,253.6491666666667,cpi
2019.0,Baltimore,257.1595,cpi
2020.0,Baltimore,259.634,cpi
2021.0,Baltimore,267.279,cpi
1915.0,SanDiego,,cpi
1916.0,SanDiego,,cpi
1917.0,SanDiego,,cpi
1918.0,SanDiego,,cpi
1919.0,SanDiego,,cpi
1920.0,SanDiego,,cpi
1921.0,SanDiego,,cpi
1922.0,SanDiego,,cpi
1923.0,SanDiego,,cpi
1924.0,SanDiego,,cpi
1925.0,SanDiego,,cpi
1926.0,SanDiego,,cpi
1927.0,SanDiego,,cpi
1928.0,SanDiego,,cpi
1929.0,SanDiego,,cpi
1930.0,SanDiego,,cpi
1931.0,SanDiego,,cpi
1932.0,SanDiego,,cpi
1933.0,SanDiego,,cpi
1934.0,SanDiego,,cpi
1935.0,SanDiego,,cpi
1936.0,SanDiego,,cpi
1937.0,SanDiego,,cpi
1938.0,SanDiego,,cpi
1939.0,SanDiego,,cpi
1940.0,SanDiego,,cpi
1941.0,SanDiego,,cpi
1942.0,SanDiego,,cpi
1943.0,SanDiego,,cpi
1944.0,SanDiego,,cpi
1945.0,SanDiego,,cpi
1946.0,SanDiego,,cpi
1947.0,SanDiego,,cpi
1948.0,SanDiego,,cpi
1949.0,SanDiego,,cpi
1950.0,SanDiego,,cpi
1951.0,SanDiego,,cpi
1952.0,SanDiego,,cpi
1953.0,SanDiego,,cpi
1954.0,SanDiego,,cpi
1955.0,SanDiego,,cpi
1956.0,SanDiego,,cpi
1957.0,SanDiego,,cpi
1958.0,SanDiego,,cpi
1959.0,SanDiego,,cpi
1960.0,SanDiego,,cpi
1961.0,SanDiego,,cpi
1962.0,SanDiego,,cpi
1963.0,SanDiego,,cpi
1964.0,SanDiego,,cpi
1965.0,SanDiego,,cpi
1966.0,SanDiego,,cpi
1967.0,SanDiego,,cpi
1968.0,SanDiego,,cpi
1969.0,SanDiego,,cpi
1970.0,SanDiego,,cpi
1971.0,SanDiego,,cpi
1972.0,SanDiego,,cpi
1973.0,SanDiego,,cpi
1974.0,SanDiego,,cpi
1975.0,SanDiego,,cpi
1976.0,SanDiego,,cpi
1977.0,SanDiego,,cpi
1978.0,SanDiego,,cpi
1979.0,SanDiego,,cpi
1980.0,SanDiego,,cpi
1981.0,SanDiego,,cpi
1982.0,SanDiego,,cpi
1983.0,SanDiego,,cpi
1984.0,SanDiego,104.8,cpi
1985.0,SanDiego,110.4,cpi
1986.0,SanDiego,113.5,cpi
1987.0,SanDiego,117.5,cpi
1988.0,SanDiego,123.4,cpi
1989.0,SanDiego,130.6,cpi
1990.0,SanDiego,138.4,cpi
1991.0,SanDiego,143.4,cpi
1992.0,SanDiego,147.4,cpi
1993.0,SanDiego,150.6,cpi
1994.0,SanDiego,154.5,cpi
1995.0,SanDiego,156.8,cpi
1996.0,SanDiego,160.9,cpi
1997.0,SanDiego,163.7,cpi
1998.0,SanDiego,166.9,cpi
1999.0,SanDiego,172.8,cpi
2000.0,SanDiego,182.8,cpi
2001.0,SanDiego,191.2,cpi
2002.0,SanDiego,197.9,cpi
2003.0,SanDiego,205.3,cpi
2004.0,SanDiego,212.8,cpi
2005.0,SanDiego,220.6,cpi
2006.0,SanDiego,228.1,cpi
2007.0,SanDiego,233.321,cpi
2008.0,SanDiego,242.313,cpi
2009.0,SanDiego,242.27,cpi
2010.0,SanDiego,245.464,cpi
2011.0,SanDiego,252.91,cpi
2012.0,SanDiego,256.961,cpi
2013.0,SanDiego,260.317,cpi
2014.0,SanDiego,265.145,cpi
2015.0,SanDiego,269.436,cpi
2016.0,SanDiego,274.732,cpi
2017.0,SanDiego,283.012,cpi
2018.0,SanDiego,292.547,cpi
2019.0,SanDiego,299.433,cpi
2020.0,SanDiego,303.932,cpi
2021.0,SanDiego,,cpi
1915.0,Phoenix,,cpi
1916.0,Phoenix,,cpi
1917.0,Phoenix,,cpi
1918.0,Phoenix,,cpi
1919.0,Phoenix,,cpi
1920.0,Phoenix,,cpi
1921.0,Phoenix,,cpi
1922.0,Phoenix,,cpi
1923.0,Phoenix,,cpi
1924.0,Phoenix,,cpi
1925.0,Phoenix,,cpi
1926.0,Phoenix,,cpi
1927.0,Phoenix,,cpi
1928.0,Phoenix,,cpi
1929.0,Phoenix,,cpi
1930.0,Phoenix,,cpi
1931.0,Phoenix,,cpi
1932.0,Phoenix,,cpi
1933.0,Phoenix,,cpi
1934.0,Phoenix,,cpi
1935.0,Phoenix,,cpi
1936.0,Phoenix,,cpi
1937.0,Phoenix,,cpi
1938.0,Phoenix,,cpi
1939.0,Phoenix,,cpi
1940.0,Phoenix,,cpi
1941.0,Phoenix,,cpi
1942.0,Phoenix,,cpi
1943.0,Phoenix,,cpi
1944.0,Phoenix,,cpi
1945.0,Phoenix,,cpi
1946.0,Phoenix,,cpi
1947.0,Phoenix,,cpi
1948.0,Phoenix,,cpi
1949.0,Phoenix,,cpi
1950.0,Phoenix,,cpi
1951.0,Phoenix,,cpi
1952.0,Phoenix,,cpi
1953.0,Phoenix,,cpi
1954.0,Phoenix,,cpi
1955.0,Phoenix,,cpi
1956.0,Phoenix,,cpi
1957.0,Phoenix,,cpi
1958.0,Phoenix,,cpi
1959.0,Phoenix,,cpi
1960.0,Phoenix,,cpi
1961.0,Phoenix,,cpi
1962.0,Phoenix,,cpi
1963.0,Phoenix,,cpi
1964.0,Phoenix,,cpi
1965.0,Phoenix,,cpi
1966.0,Phoenix,,cpi
1967.0,Phoenix,,cpi
1968.0,Phoenix,,cpi
1969.0,Phoenix,,cpi
1970.0,Phoenix,,cpi
1971.0,Phoenix,,cpi
1972.0,Phoenix,,cpi
1973.0,Phoenix,,cpi
1974.0,Phoenix,,cpi
1975.0,Phoenix,,cpi
1976.0,Phoenix,,cpi
1977.0,Phoenix,,cpi
1978.0,Phoenix,,cpi
1979.0,Phoenix,,cpi
1980.0,Phoenix,,cpi
1981.0,Phoenix,,cpi
1982.0,Phoenix,,cpi
1983.0,Phoenix,,cpi
1984.0,Phoenix,,cpi
1985.0,Phoenix,,cpi
1986.0,Phoenix,,cpi
1987.0,Phoenix,,cpi
1988.0,Phoenix,,cpi
1989.0,Phoenix,,cpi
1990.0,Phoenix,,cpi
1991.0,Phoenix,,cpi
1992.0,Phoenix,,cpi
1993.0,Phoenix,,cpi
1994.0,Phoenix,,cpi
1995.0,Phoenix,,cpi
1996.0,Phoenix,,cpi
1997.0,Phoenix,,cpi
1998.0,Phoenix,,cpi
1999.0,Phoenix,,cpi
2000.0,Phoenix,,cpi
2001.0,Phoenix,,cpi
2002.0,Phoenix,101.2,cpi
2003.0,Phoenix,103.3,cpi
2004.0,Phoenix,105.2,cpi
2005.0,Phoenix,108.3,cpi
2006.0,Phoenix,111.5,cpi
2007.0,Phoenix,115.284,cpi
2008.0,Phoenix,119.264,cpi
2009.0,Phoenix,117.568,cpi
2010.0,Phoenix,118.227,cpi
2011.0,Phoenix,121.483,cpi
2012.0,Phoenix,124.197,cpi
2013.0,Phoenix,125.782,cpi
2014.0,Phoenix,127.823,cpi
2015.0,Phoenix,128.019,cpi
2016.0,Phoenix,130.107,cpi
2017.0,Phoenix,133.324,cpi
2018.0,Phoenix,138.875,cpi
2019.0,Phoenix,142.92,cpi
2020.0,Phoenix,145.724,cpi
2021.0,Phoenix,,cpi
1915.0,NewYork,10.1,cpi
1916.0,NewYork,11.3,cpi
1917.0,NewYork,13.8,cpi
1918.0,NewYork,16.8,cpi
1919.0,NewYork,18.200000000000003,cpi
1920.0,NewYork,20.2,cpi
1921.0,NewYork,17.866666666666667,cpi
1922.0,NewYork,17.2,cpi
1923.0,NewYork,17.525000000000002,cpi
1924.0,NewYork,17.474999999999998,cpi
1925.0,NewYork,18.1,cpi
1926.0,NewYork,18.1,cpi
1927.0,NewYork,18.05,cpi
1928.0,NewYork,17.75,cpi
1929.0,NewYork,17.85,cpi
1930.0,NewYork,17.2,cpi
1931.0,NewYork,15.7,cpi
1932.0,NewYork,14.45,cpi
1933.0,NewYork,13.85,cpi
1934.0,NewYork,14.350000000000001,cpi
1935.0,NewYork,14.366666666666667,cpi
1936.0,NewYork,14.540000000000001,cpi
1937.0,NewYork,14.95,cpi
1938.0,NewYork,14.55,cpi
1939.0,NewYork,14.55,cpi
1940.0,NewYork,14.700000000000001,cpi
1941.0,NewYork,15.25,cpi
1942.0,NewYork,16.71666666666667,cpi
1943.0,NewYork,17.96666666666666,cpi
1944.0,NewYork,18.4,cpi
1945.0,NewYork,18.825,cpi
1946.0,NewYork,20.683333333333337,cpi
1947.0,NewYork,23.166666666666668,cpi
1948.0,NewYork,24.741666666666664,cpi
1949.0,NewYork,24.466666666666665,cpi
1950.0,NewYork,24.608333333333334,cpi
1951.0,NewYork,26.441666666666674,cpi
1952.0,NewYork,26.899999999999995,cpi
1953.0,NewYork,27.041666666666668,cpi
1954.0,NewYork,27.208333333333332,cpi
1955.0,NewYork,27.083333333333332,cpi
1956.0,NewYork,27.48333333333333,cpi
1957.0,NewYork,28.358333333333338,cpi
1958.0,NewYork,29.20833333333333,cpi
1959.0,NewYork,29.649999999999995,cpi
1960.0,NewYork,30.191666666666663,cpi
1961.0,NewYork,30.45833333333334,cpi
1962.0,NewYork,30.925,cpi
1963.0,NewYork,31.599999999999998,cpi
1964.0,NewYork,32.09166666666667,cpi
1965.0,NewYork,32.60833333333333,cpi
1966.0,NewYork,33.70833333333333,cpi
1967.0,NewYork,34.583333333333336,cpi
1968.0,NewYork,36.074999999999996,cpi
1969.0,NewYork,38.30833333333333,cpi
1970.0,NewYork,41.15,cpi
1971.0,NewYork,43.53333333333333,cpi
1972.0,NewYork,45.45000000000001,cpi
1973.0,NewYork,48.34166666666666,cpi
1974.0,NewYork,53.541666666666664,cpi
1975.0,NewYork,57.60833333333333,cpi
1976.0,NewYork,60.99166666666667,cpi
1977.0,NewYork,64.16666666666667,cpi
1978.0,NewYork,67.85,cpi
1979.0,NewYork,73.72500000000001,cpi
1980.0,NewYork,82.05000000000001,cpi
1981.0,NewYork,90.125,cpi
1982.0,NewYork,95.33333333333333,cpi
1983.0,NewYork,99.83333333333333,cpi
1984.0,NewYork,104.83333333333333,cpi
1985.0,NewYork,108.70833333333333,cpi
1986.0,NewYork,112.27499999999999,cpi
1987.0,NewYork,117.94999999999999,cpi
1988.0,NewYork,123.68333333333335,cpi
1989.0,NewYork,130.55833333333334,cpi
1990.0,NewYork,138.54166666666666,cpi
1991.0,NewYork,144.79999999999998,cpi
1992.0,NewYork,150.025,cpi
1993.0,NewYork,154.50833333333333,cpi
1994.0,NewYork,158.18333333333334,cpi
1995.0,NewYork,162.15833333333333,cpi
1996.0,NewYork,166.925,cpi
1997.0,NewYork,170.81666666666663,cpi
1998.0,NewYork,173.60833333333332,cpi
1999.0,NewYork,176.98333333333335,cpi
2000.0,NewYork,182.48333333333332,cpi
2001.0,NewYork,187.13333333333333,cpi
2002.0,NewYork,191.89999999999998,cpi
2003.0,NewYork,197.79166666666666,cpi
2004.0,NewYork,204.76666666666668,cpi
2005.0,NewYork,212.70833333333334,cpi
2006.0,NewYork,220.74166666666667,cpi
2007.0,NewYork,226.94008333333332,cpi
2008.0,NewYork,235.78241666666665,cpi
2009.0,NewYork,236.82458333333338,cpi
2010.0,NewYork,240.86416666666665,cpi
2011.0,NewYork,247.71758333333332,cpi
2012.0,NewYork,252.58833333333328,cpi
2013.0,NewYork,256.8330833333333,cpi
2014.0,NewYork,260.2295833333333,cpi
2015.0,NewYork,260.55816666666664,cpi
2016.0,NewYork,263.3649166666666,cpi
2017.0,NewYork,268.5204166666666,cpi
2018.0,NewYork,273.6405,cpi
2019.0,NewYork,278.16416666666663,cpi
2020.0,NewYork,282.9195833333333,cpi
2021.0,NewYork,291.32759999999996,cpi
1915.0,Detroit,10.1,cpi
1916.0,Detroit,11.7,cpi
1917.0,Detroit,14.3,cpi
1918.0,Detroit,17.0,cpi
1919.0,Detroit,18.85,cpi
1920.0,Detroit,22.049999999999997,cpi
1921.0,Detroit,18.466666666666665,cpi
1922.0,Detroit,17.375,cpi
1923.0,Detroit,18.075,cpi
1924.0,Detroit,18.0,cpi
1925.0,Detroit,18.450000000000003,cpi
1926.0,Detroit,18.299999999999997,cpi
1927.0,Detroit,17.95,cpi
1928.0,Detroit,17.4,cpi
1929.0,Detroit,17.55,cpi
1930.0,Detroit,16.55,cpi
1931.0,Detroit,14.350000000000001,cpi
1932.0,Detroit,12.5,cpi
1933.0,Detroit,12.0,cpi
1934.0,Detroit,12.8,cpi
1935.0,Detroit,13.366666666666667,cpi
1936.0,Detroit,13.860000000000003,cpi
1937.0,Detroit,14.775,cpi
1938.0,Detroit,14.400000000000002,cpi
1939.0,Detroit,14.0,cpi
1940.0,Detroit,14.133333333333333,cpi
1941.0,Detroit,15.0,cpi
1942.0,Detroit,16.658333333333335,cpi
1943.0,Detroit,17.566666666666666,cpi
1944.0,Detroit,17.8,cpi
1945.0,Detroit,18.275000000000002,cpi
1946.0,Detroit,19.866666666666667,cpi
1947.0,Detroit,22.641666666666666,cpi
1948.0,Detroit,24.46666666666667,cpi
1949.0,Detroit,24.150000000000002,cpi
1950.0,Detroit,24.549999999999997,cpi
1951.0,Detroit,26.474999999999998,cpi
1952.0,Detroit,27.141666666666666,cpi
1953.0,Detroit,27.625,cpi
1954.0,Detroit,27.725000000000005,cpi
1955.0,Detroit,27.674999999999997,cpi
1956.0,Detroit,28.191666666666674,cpi
1957.0,Detroit,29.01666666666667,cpi
1958.0,Detroit,29.41666666666667,cpi
1959.0,Detroit,29.408333333333335,cpi
1960.0,Detroit,29.650000000000002,cpi
1961.0,Detroit,29.816666666666666,cpi
1962.0,Detroit,29.908333333333342,cpi
1963.0,Detroit,30.200000000000003,cpi
1964.0,Detroit,30.45,cpi
1965.0,Detroit,31.150000000000006,cpi
1966.0,Detroit,32.53333333333333,cpi
1967.0,Detroit,33.625,cpi
1968.0,Detroit,35.075,cpi
1969.0,Detroit,37.208333333333336,cpi
1970.0,Detroit,39.50833333333334,cpi
1971.0,Detroit,40.95000000000001,cpi
1972.0,Detroit,42.46666666666666,cpi
1973.0,Detroit,45.23333333333333,cpi
1974.0,Detroit,50.13333333333333,cpi
1975.0,Detroit,53.866666666666674,cpi
1976.0,Detroit,56.79166666666668,cpi
1977.0,Detroit,60.69166666666666,cpi
1978.0,Detroit,65.3,cpi
1979.0,Detroit,73.59999999999998,cpi
1980.0,Detroit,85.3,cpi
1981.0,Detroit,93.21666666666665,cpi
1982.0,Detroit,96.99166666666667,cpi
1983.0,Detroit,99.75833333333333,cpi
1984.0,Detroit,103.25,cpi
1985.0,Detroit,106.84166666666665,cpi
1986.0,Detroit,108.33333333333336,cpi
1987.0,Detroit,111.89999999999999,cpi
1988.0,Detroit,116.33333333333333,cpi
1989.0,Detroit,122.51666666666665,cpi
1990.0,Detroit,128.85000000000002,cpi
1991.0,Detroit,133.2,cpi
1992.0,Detroit,136.01666666666668,cpi
1993.0,Detroit,139.6833333333333,cpi
1994.0,Detroit,144.26666666666665,cpi
1995.0,Detroit,148.76666666666665,cpi
1996.0,Detroit,152.71666666666667,cpi
1997.0,Detroit,156.38333333333333,cpi
1998.0,Detroit,159.95000000000002,cpi
1999.0,Detroit,164.13333333333333,cpi
2000.0,Detroit,170.03333333333333,cpi
2001.0,Detroit,174.48333333333335,cpi
2002.0,Detroit,179.20000000000002,cpi
2003.0,Detroit,182.60000000000002,cpi
2004.0,Detroit,185.60000000000002,cpi
2005.0,Detroit,191.15,cpi
2006.0,Detroit,196.73333333333335,cpi
2007.0,Detroit,200.28883333333332,cpi
2008.0,Detroit,204.66083333333333,cpi
2009.0,Detroit,203.74249999999998,cpi
2010.0,Detroit,205.18983333333335,cpi
2011.0,Detroit,212.0585,cpi
2012.0,Detroit,216.2108333333333,cpi
2013.0,Detroit,219.55100000000002,cpi
2014.0,Detroit,221.77983333333336,cpi
2015.0,Detroit,218.84100000000004,cpi
2016.0,Detroit,222.49833333333333,cpi
2017.0,Detroit,227.07583333333332,cpi
2018.0,Detroit,232.37416666666664,cpi
2019.0,Detroit,235.70299999999997,cpi
2020.0,Detroit,237.74466666666663,cpi
2021.0,Detroit,247.44159999999997,cpi
2001,Atlanta,208125.355,gdp
2002,Atlanta,214103.456,gdp
2003,Atlanta,224545.629,gdp
2004,Atlanta,239911.624,gdp
2005,Atlanta,257637.922,gdp
2006,Atlanta,269153.32,gdp
2007,Atlanta,277955.081,gdp
2008,Atlanta,273531.551,gdp
2009,Atlanta,266522.797,gdp
2010,Atlanta,272123.159,gdp
2011,Atlanta,281302.905,gdp
2012,Atlanta,292330.813,gdp
2013,Atlanta,305248.975,gdp
2014,Atlanta,325002.757,gdp
2015,Atlanta,347744.957,gdp
2016,Atlanta,369995.897,gdp
2017,Atlanta,389471.813,gdp
2018,Atlanta,411660.045,gdp
2019,Atlanta,438936.814,gdp
2020,Atlanta,425443.807,gdp
2001,Baltimore,102974.672,gdp
2002,Baltimore,108228.454,gdp
2003,Baltimore,112798.305,gdp
2004,Baltimore,119753.767,gdp
2005,Baltimore,128559.908,gdp
2006,Baltimore,135614.829,gdp
2007,Baltimore,140017.144,gdp
2008,Baltimore,144649.594,gdp
2009,Baltimore,146563.97,gdp
2010,Baltimore,153461.467,gdp
2011,Baltimore,158810.789,gdp
2012,Baltimore,163424.445,gdp
2013,Baltimore,169217.635,gdp
2014,Baltimore,175334.844,gdp
2015,Baltimore,183664.932,gdp
2016,Baltimore,192223.283,gdp
2017,Baltimore,198751.559,gdp
2018,Baltimore,205653.047,gdp
2019,Baltimore,212887.514,gdp
2020,Baltimore,205810.923,gdp
2001,Boston,234693.57,gdp
2002,Boston,237735.492,gdp
2003,Boston,245407.958,gdp
2004,Boston,259116.344,gdp
2005,Boston,272211.311,gdp
2006,Boston,287146.989,gdp
2007,Boston,303949.312,gdp
2008,Boston,311634.603,gdp
2009,Boston,312593.395,gdp
2010,Boston,330424.307,gdp
2011,Boston,341801.133,gdp
2012,Boston,357088.355,gdp
2013,Boston,366244.863,gdp
2014,Boston,379924.795,gdp
2015,Boston,403931.138,gdp
2016,Boston,418289.875,gdp
2017,Boston,434282.612,gdp
2018,Boston,462229.528,gdp
2019,Boston,488174.288,gdp
2020,Boston,480307.073,gdp
2001,Chicago,401407.693,gdp
2002,Chicago,411155.211,gdp
2003,Chicago,425385.586,gdp
2004,Chicago,449004.156,gdp
2005,Chicago,472993.552,gdp
2006,Chicago,500969.502,gdp
2007,Chicago,523165.163,gdp
2008,Chicago,520597.015,gdp
2009,Chicago,510758.958,gdp
2010,Chicago,523098.041,gdp
2011,Chicago,542384.78,gdp
2012,Chicago,570954.874,gdp
2013,Chicago,583070.72,gdp
2014,Chicago,609478.18,gdp
2015,Chicago,636938.865,gdp
2016,Chicago,647455.652,gdp
2017,Chicago,667153.495,gdp
2018,Chicago,701954.968,gdp
2019,Chicago,721906.95,gdp
2020,Chicago,692988.237,gdp
2001,Dallas,227080.475,gdp
2002,Dallas,236415.902,gdp
2003,Dallas,243606.207,gdp
2004,Dallas,263007.684,gdp
2005,Dallas,284629.814,gdp
2006,Dallas,314651.882,gdp
2007,Dallas,332946.793,gdp
2008,Dallas,343969.797,gdp
2009,Dallas,327718.816,gdp
2010,Dallas,340179.679,gdp
2011,Dallas,359386.458,gdp
2012,Dallas,377846.407,gdp
2013,Dallas,396428.072,gdp
2014,Dallas,417730.688,gdp
2015,Dallas,438084.248,gdp
2016,Dallas,456712.675,gdp
2017,Dallas,480906.203,gdp
2018,Dallas,511962.537,gdp
2019,Dallas,540633.961,gdp
2020,Dallas,534807.251,gdp
2001,Denver,107439.627,gdp
2002,Denver,109575.857,gdp
2003,Denver,111826.233,gdp
2004,Denver,115122.352,gdp
2005,Denver,123337.59,gdp
2006,Denver,129242.845,gdp
2007,Denver,138503.714,gdp
2008,Denver,140775.522,gdp
2009,Denver,138281.399,gdp
2010,Denver,142517.164,gdp
2011,Denver,147392.855,gdp
2012,Denver,154899.048,gdp
2013,Denver,164035.645,gdp
2014,Denver,173826.485,gdp
2015,Denver,184611.894,gdp
2016,Denver,190857.987,gdp
2017,Denver,199940.107,gdp
2018,Denver,213146.127,gdp
2019,Denver,227259.597,gdp
2020,Denver,223145.76,gdp
2001,Detroit,183631.75,gdp
2002,Detroit,189758.888,gdp
2003,Detroit,195514.6,gdp
2004,Detroit,199896.716,gdp
2005,Detroit,207683.075,gdp
2006,Detroit,205798.528,gdp
2007,Detroit,208806.522,gdp
2008,Detroit,196311.117,gdp
2009,Detroit,180912.71,gdp
2010,Detroit,192776.355,gdp
2011,Detroit,202095.135,gdp
2012,Detroit,214466.104,gdp
2013,Detroit,222515.528,gdp
2014,Detroit,229737.851,gdp
2015,Detroit,240955.705,gdp
2016,Detroit,248634.639,gdp
2017,Detroit,253209.612,gdp
2018,Detroit,262062.996,gdp
2019,Detroit,266607.882,gdp
2020,Detroit,254533.015,gdp
2001,Houston,211844.038,gdp
2002,Houston,211544.025,gdp
2003,Houston,220710.445,gdp
2004,Houston,248836.949,gdp
2005,Houston,268327.933,gdp
2006,Houston,301970.163,gdp
2007,Houston,335873.22,gdp
2008,Houston,337185.764,gdp
2009,Houston,327938.543,gdp
2010,Houston,353397.184,gdp
2011,Houston,382941.351,gdp
2012,Houston,406972.648,gdp
2013,Houston,429918.372,gdp
2014,Houston,441959.625,gdp
2015,Houston,461490.275,gdp
2016,Houston,453323.711,gdp
2017,Houston,473076.363,gdp
2018,Houston,505889.766,gdp
2019,Houston,509311.54,gdp
2020,Houston,488164.627,gdp
2001,LosAngeles,518030.432,gdp
2002,LosAngeles,536607.733,gdp
2003,LosAngeles,567065.251,gdp
2004,LosAngeles,600418.066,gdp
2005,LosAngeles,634786.051,gdp
2006,LosAngeles,677313.077,gdp
2007,LosAngeles,701510.899,gdp
2008,LosAngeles,718064.396,gdp
2009,LosAngeles,694677.52,gdp
2010,LosAngeles,721432.807,gdp
2011,LosAngeles,742349.632,gdp
2012,LosAngeles,770616.431,gdp
2013,LosAngeles,799688.139,gdp
2014,LosAngeles,833317.955,gdp
2015,LosAngeles,882307.124,gdp
2016,LosAngeles,910277.065,gdp
2017,LosAngeles,957632.371,gdp
2018,LosAngeles,1006224.798,gdp
2019,LosAngeles,1055570.39,gdp
2020,LosAngeles,1007037.066,gdp
2001,Miami,179376.593,gdp
2002,Miami,190252.192,gdp
2003,Miami,201324.051,gdp
2004,Miami,218381.456,gdp
2005,Miami,237504.83,gdp
2006,Miami,251490.254,gdp
2007,Miami,260453.363,gdp
2008,Miami,253256.139,gdp
2009,Miami,241248.183,gdp
2010,Miami,250416.44,gdp
2011,Miami,254429.721,gdp
2012,Miami,261234.789,gdp
2013,Miami,273768.947,gdp
2014,Miami,288657.23,gdp
2015,Miami,308286.885,gdp
2016,Miami,322562.832,gdp
2017,Miami,340554.337,gdp
2018,Miami,360229.87,gdp
2019,Miami,376603.207,gdp
2020,Miami,365051.489,gdp
2001,Minneapolis,140695.819,gdp
2002,Minneapolis,144892.539,gdp
2003,Minneapolis,154369.671,gdp
2004,Minneapolis,165416.53,gdp
2005,Minneapolis,176747.829,gdp
2006,Minneapolis,180933.17,gdp
2007,Minneapolis,188527.274,gdp
2008,Minneapolis,190205.069,gdp
2009,Minneapolis,186323.291,gdp
2010,Minneapolis,193513.287,gdp
2011,Minneapolis,202332.22,gdp
2012,Minneapolis,210304.679,gdp
2013,Minneapolis,219793.327,gdp
2014,Minneapolis,232315.465,gdp
2015,Minneapolis,241312.263,gdp
2016,Minneapolis,247968.009,gdp
2017,Minneapolis,256332.871,gdp
2018,Minneapolis,271255.004,gdp
2019,Minneapolis,278263.825,gdp
2020,Minneapolis,270282.128,gdp
2001,NewYork,943455.215,gdp
2002,NewYork,956748.499,gdp
2003,NewYork,978374.463,gdp
2004,NewYork,1030208.245,gdp
2005,NewYork,1087191.918,gdp
2006,NewYork,1152952.015,gdp
2007,NewYork,1200662.079,gdp
2008,NewYork,1200903.861,gdp
2009,NewYork,1228112.524,gdp
2010,NewYork,1288303.129,gdp
2011,NewYork,1312974.304,gdp
2012,NewYork,1400779.267,gdp
2013,NewYork,1445252.232,gdp
2014,NewYork,1507782.786,gdp
2015,NewYork,1570332.745,gdp
2016,NewYork,1638128.941,gdp
2017,NewYork,1690244.554,gdp
2018,NewYork,1790858.079,gdp
2019,NewYork,1872165.505,gdp
2020,NewYork,1809323.397,gdp
2001,Philadelphia,242677.437,gdp
2002,Philadelphia,249723.979,gdp
2003,Philadelphia,264853.371,gdp
2004,Philadelphia,282314.654,gdp
2005,Philadelphia,293826.002,gdp
2006,Philadelphia,306907.953,gdp
2007,Philadelphia,326976.468,gdp
2008,Philadelphia,340107.723,gdp
2009,Philadelphia,334234.964,gdp
2010,Philadelphia,343539.465,gdp
2011,Philadelphia,351690.659,gdp
2012,Philadelphia,367778.658,gdp
2013,Philadelphia,377541.289,gdp
2014,Philadelphia,394728.109,gdp
2015,Philadelphia,407824.145,gdp
2016,Philadelphia,414883.706,gdp
2017,Philadelphia,418695.981,gdp
2018,Philadelphia,435423.852,gdp
2019,Philadelphia,450742.192,gdp
2020,Philadelphia,439055.118,gdp
2001,Phoenix,124351.109,gdp
2002,Phoenix,130829.924,gdp
2003,Phoenix,140576.011,gdp
2004,Phoenix,150742.34,gdp
2005,Phoenix,166970.628,gdp
2006,Phoenix,180974.009,gdp
2007,Phoenix,191100.208,gdp
2008,Phoenix,190521.764,gdp
2009,Phoenix,176581.612,gdp
2010,Phoenix,178397.036,gdp
2011,Phoenix,185788.925,gdp
2012,Phoenix,195823.019,gdp
2013,Phoenix,201280.704,gdp
2014,Phoenix,209291.466,gdp
2015,Phoenix,219956.597,gdp
2016,Phoenix,230743.32,gdp
2017,Phoenix,243103.394,gdp
2018,Phoenix,259286.475,gdp
2019,Phoenix,276914.305,gdp
2020,Phoenix,281004.837,gdp
2001,SanDiego,115056.794,gdp
2002,SanDiego,122438.054,gdp
2003,SanDiego,131143.091,gdp
2004,SanDiego,141858.951,gdp
2005,SanDiego,152878.644,gdp
2006,SanDiego,160656.914,gdp
2007,SanDiego,167416.333,gdp
2008,SanDiego,168273.109,gdp
2009,SanDiego,164417.694,gdp
2010,SanDiego,167899.892,gdp
2011,SanDiego,173264.401,gdp
2012,SanDiego,178241.243,gdp
2013,SanDiego,188473.15,gdp
2014,SanDiego,197247.964,gdp
2015,SanDiego,207514.333,gdp
2016,SanDiego,211862.374,gdp
2017,SanDiego,222238.592,gdp
2018,SanDiego,232579.152,gdp
2019,SanDiego,242950.042,gdp
2020,SanDiego,240411.072,gdp
2001,SanFrancisco,240223.331,gdp
2002,SanFrancisco,238126.362,gdp
2003,SanFrancisco,246289.538,gdp
2004,SanFrancisco,256414.07,gdp
2005,SanFrancisco,278166.393,gdp
2006,SanFrancisco,296377.341,gdp
2007,SanFrancisco,307604.98,gdp
2008,SanFrancisco,324695.029,gdp
2009,SanFrancisco,309329.272,gdp
2010,SanFrancisco,316779.481,gdp
2011,SanFrancisco,329715.792,gdp
2012,SanFrancisco,363995.871,gdp
2013,SanFrancisco,382609.214,gdp
2014,SanFrancisco,412207.012,gdp
2015,SanFrancisco,443406.281,gdp
2016,SanFrancisco,472395.545,gdp
2017,SanFrancisco,519358.95,gdp
2018,SanFrancisco,562046.311,gdp
2019,SanFrancisco,595294.62,gdp
2020,SanFrancisco,588335.543,gdp
2001,Seattle,159243.612,gdp
2002,Seattle,162437.211,gdp
2003,Seattle,167612.447,gdp
2004,Seattle,175236.78,gdp
2005,Seattle,192044.474,gdp
2006,Seattle,206996.833,gdp
2007,Seattle,227215.084,gdp
2008,Seattle,235857.435,gdp
2009,Seattle,231980.182,gdp
2010,Seattle,240147.409,gdp
2011,Seattle,251468.132,gdp
2012,Seattle,269458.587,gdp
2013,Seattle,285068.194,gdp
2014,Seattle,302314.756,gdp
2015,Seattle,320665.748,gdp
2016,Seattle,336256.816,gdp
2017,Seattle,360610.815,gdp
2018,Seattle,393634.702,gdp
2019,Seattle,419475.451,gdp
2020,Seattle,426939.963,gdp
2001,StLouis,102596.127,gdp
2002,StLouis,105867.635,gdp
2003,StLouis,111060.939,gdp
2004,StLouis,116501.16,gdp
2005,StLouis,122524.352,gdp
2006,StLouis,126569.159,gdp
2007,StLouis,131097.4,gdp
2008,StLouis,136423.615,gdp
2009,StLouis,135802.173,gdp
2010,StLouis,139383.244,gdp
2011,StLouis,142235.693,gdp
2012,StLouis,147315.271,gdp
2013,StLouis,150924.346,gdp
2014,StLouis,156102.297,gdp
2015,StLouis,159904.74,gdp
2016,StLouis,160781.042,gdp
2017,StLouis,163129.437,gdp
2018,StLouis,170039.45,gdp
2019,StLouis,175382.47,gdp
2020,StLouis,171493.444,gdp
2001,Tampa,80171.426,gdp
2002,Tampa,85318.547,gdp
2003,Tampa,91144.945,gdp
2004,Tampa,99483.963,gdp
2005,Tampa,107620.219,gdp
2006,Tampa,113539.032,gdp
2007,Tampa,117748.606,gdp
2008,Tampa,115724.104,gdp
2009,Tampa,113934.961,gdp
2010,Tampa,115728.996,gdp
2011,Tampa,117019.432,gdp
2012,Tampa,121305.114,gdp
2013,Tampa,126082.901,gdp
2014,Tampa,131043.519,gdp
2015,Tampa,139192.472,gdp
2016,Tampa,145593.768,gdp
2017,Tampa,150980.261,gdp
2018,Tampa,159127.777,gdp
2019,Tampa,168393.558,gdp
2020,Tampa,169269.54,gdp
2001,WashingtonDC,262794.287,gdp
2002,WashingtonDC,279284.499,gdp
2003,WashingtonDC,296612.614,gdp
2004,WashingtonDC,322239.145,gdp
2005,WashingtonDC,346494.926,gdp
2006,WashingtonDC,362080.028,gdp
2007,WashingtonDC,378592.255,gdp
2008,WashingtonDC,397776.821,gdp
2009,WashingtonDC,403211.911,gdp
2010,WashingtonDC,425450.394,gdp
2011,WashingtonDC,438793.743,gdp
2012,WashingtonDC,448273.184,gdp
2013,WashingtonDC,455796.805,gdp
2014,WashingtonDC,469122.707,gdp
2015,WashingtonDC,488987.413,gdp
2016,WashingtonDC,508569.36,gdp
2017,WashingtonDC,525176.093,gdp
2018,WashingtonDC,547123.109,gdp
2019,WashingtonDC,566892.038,gdp
2020,WashingtonDC,561027.941,gdp
